dateid01,dateid,em,en,m,n,x,y,z
1973-07-01,1973-07-31 23:59:59.999,0,0,0.0,0,39.575176401936856,15.113904790902336,727.92163876334352
1973-08-01,1973-08-31 23:59:59.999,0.211907718,-1.455568963,1.5,-2,38.962415662063744,16.584622479159386,729.48042932042208
1973-09-01,1973-09-30 23:59:59.999,1.633811735,0.379432095,3.0,-4,37.219140689675168,17.310909771878074,727.28026243298944
1973-10-01,1973-10-31 23:59:59.999,2.39811925,0.342120074,4.5,-6,35.10410013825026,17.691244607414906,729.81940222435248
1973-11-01,1973-11-30 23:59:59.999,-0.023754865,-1.0835310600000002,6.0,-8,33.766806170972544,16.80365701116169,727.94821482644096
1973-12-01,1973-12-31 23:59:59.999,-0.024673454,1.561475074,7.5,-10,33.998893665359368,13.16700000244611,725.97966949663504
1974-01-01,1974-01-31 23:59:59.999,-0.336933681,1.724274625,9.0,-12,33.42019900912962,13.001735102192122,727.29169054739776
1974-02-01,1974-02-28 23:59:59.999,0.023908342,-2.064152795,10.5,-14,36.876800479862176,14.135963779421198,732.8811285230864
1974-03-01,1974-03-31 23:59:59.999,-1.726307346,1.11317604,12.0,-16,36.99209020713276,13.352783476779066,735.06147773698304
1974-04-01,1974-04-30 23:59:59.999,-0.754761231,0.286336217,13.5,-18,37.654202829786152,16.02423253066091,736.02849365407696
1974-05-01,1974-05-31 23:59:59.999,1.1636257109999998,1.019443516,15.0,-20,39.596286616933384,16.874692052775388,736.0289267649904
1974-06-01,1974-06-30 23:59:59.999,-0.907837148,-0.738787094,16.5,-22,40.357853915000792,18.958900079275452,739.80726759941168
1974-07-01,1974-07-31 23:59:59.999,-0.295913196,1.016103397,18.0,-24,40.503013071559936,20.885012979176324,738.92386982183984
1974-08-01,1974-08-31 23:59:59.999,-0.720617663,-1.076950866,19.5,-26,37.389431246799856,20.387038205684788,741.25065263478928
1974-09-01,1974-09-30 23:59:59.999,-0.232137154,-2.81870598,21.0,-28,36.695122766721552,17.303724420056894,739.1403924068
1974-10-01,1974-10-31 23:59:59.999,1.326243364,-1.001849341,22.5,-30,38.11644279054692,13.977359769068344,741.85955231294464
1974-11-01,1974-11-30 23:59:59.999,-0.675906904,-2.296128514,24.0,-32,37.292040811408096,13.135173112490106,745.8907444034872
1974-12-01,1974-12-31 23:59:59.999,0.06733103,-0.344391538,25.5,-34,35.295035431913172,11.828854547515746,744.75340326078848
1975-01-01,1975-01-31 23:59:59.999,0.894290224,-0.132461082,27.0,-36,37.520359876130032,11.832123665997616,748.96313124270288
1975-02-01,1975-02-28 23:59:59.999,-2.453161869,0.30111209500000004,28.5,-38,36.900407044912216,15.445655715648276,744.28455115548656
1975-03-01,1975-03-31 23:59:59.999,0.055681539,0.82370434,30.0,-40,35.921227743453636,17.04914678818606,742.32066966298128
1975-04-01,1975-04-30 23:59:59.999,-0.202841193,1.142950623,31.5,-42,35.597936956908248,18.849952188812212,743.51961414806688
1975-05-01,1975-05-31 23:59:59.999,0.62087110599999992,-0.579559583,33.0,-44,36.520425918915184,18.582107275486676,742.91518825278688
1975-06-01,1975-06-30 23:59:59.999,-0.591544449,-0.759855538,34.5,-46,36.763586133623936,16.782806554887844,739.75388893038992
1975-07-01,1975-07-31 23:59:59.999,-0.860343334,-1.207022251,36.0,-48,34.9045885220565,14.064369634064228,737.86827517024672
1975-08-01,1975-08-31 23:59:59.999,-0.570803422,-1.048424565,37.5,-50,35.555078383775672,19.164511135809936,739.73536920440432
1975-09-01,1975-09-30 23:59:59.999,0.005393304,1.102998795,39.0,-52,35.153723976227988,20.444937553396356,738.67815614395872
1975-10-01,1975-10-31 23:59:59.999,1.0395865500000002,1.871458153,40.5,-54,34.646297705312812,21.16167791392932,738.85531041409536
1975-11-01,1975-11-30 23:59:59.999,1.37499228,-0.686422936,42.0,-56,36.174535773610616,18.344786096557648,736.72410499934912
1975-12-01,1975-12-31 23:59:59.999,0.085744887,-1.578528099,43.5,-58,34.484639944705748,17.730317777108184,740.31976088917168
1976-01-01,1976-01-31 23:59:59.999,-0.503457613,1.806347427,45.0,-60,35.942177546910444,17.48663256856689,740.7865029025216
1976-02-01,1976-02-29 23:59:59.999,-0.263851234,1.447451723,46.5,-62,36.041227411010536,15.671742595763536,742.75069652874736
1976-03-01,1976-03-31 23:59:59.999,0.041511612,-0.313061719,48.0,-64,37.75134143036188,11.782948711541956,744.75633566977232
1976-04-01,1976-04-30 23:59:59.999,0.420286597,-0.362795163,49.5,-66,35.943362534341644,13.886605314638896,747.4006164797456
1976-05-01,1976-05-31 23:59:59.999,-0.852617177,1.214825716,51.0,-68,35.408011087622604,16.37939228047972,750.1714855227288
1976-06-01,1976-06-30 23:59:59.999,0.476202331,1.663893272,52.5,-70,34.583702693268976,16.569294216902726,752.90816399478256
1976-07-01,1976-07-31 23:59:59.999,-0.15634668700000002,-1.358062036,54.0,-72,32.599678525506392,16.211940821092458,753.2173152767072
1976-08-01,1976-08-31 23:59:59.999,0.253094186,-0.401806801,55.5,-74,36.921332953160968,19.924077314160764,755.86670236645808
1976-09-01,1976-09-30 23:59:59.999,-1.096695996,-1.045118552,57.0,-76,40.31642782257936,18.572960356930868,754.99670098007888
1976-10-01,1976-10-31 23:59:59.999,-1.621156116,0.944010026,58.5,-78,38.96673091530268,19.074690614137872,760.8134968928576
1976-11-01,1976-11-30 23:59:59.999,-0.13222916100000002,0.182344593,60.0,-80,40.168393802698728,19.864530330498408,760.56784263425824
1976-12-01,1976-12-31 23:59:59.999,-0.944248768,-0.485390501,61.5,-82,38.967535124022632,16.207081116020088,763.1533760220648
1977-01-01,1977-01-31 23:59:59.999,0.673505838,0.478860329,63.0,-84,37.66765266366432,17.588466703411576,760.08465807468816
1977-02-01,1977-02-28 23:59:59.999,0.895317953,0.586539954,64.5,-86,38.217075255236008,18.08319544246118,758.68936248603776
1977-03-01,1977-03-31 23:59:59.999,0.170923613,1.135047114,66.0,-88,42.05187887897136,16.129515811208894,756.40389857932
1977-04-01,1977-04-30 23:59:59.999,1.661455826,-2.215383574,67.5,-90,41.760370330269784,19.591496788244092,755.78785054772
1977-05-01,1977-05-31 23:59:59.999,1.3211001710000002,-0.964028004,69.0,-92,40.405573426567016,21.174701601692396,755.56175499875856
1977-06-01,1977-06-30 23:59:59.999,-1.216105829,-0.274321792,70.5,-94,40.959407704163488,18.573467389623836,760.3725498306032
1977-07-01,1977-07-31 23:59:59.999,0.29112129599999996,1.217549652,72.0,-96,39.429182187085392,18.137797972913228,763.36583198481248
1977-08-01,1977-08-31 23:59:59.999,-0.632694537,0.52555037699999992,73.5,-98,38.578536196191584,18.534642024806816,764.20614933624272
1977-09-01,1977-09-30 23:59:59.999,0.889508556,-0.175505193,75.0,-100,38.712381657083344,22.504232919953152,763.48416535363968
1977-10-01,1977-10-31 23:59:59.999,-0.595832716,-1.848593456,76.5,-102,38.34192230166612,17.792646007456174,766.29022673913024
1977-11-01,1977-11-30 23:59:59.999,-0.673121576,-0.051161351,78.0,-104,38.346402429609984,17.970891552901176,767.71361460157136
1977-12-01,1977-12-31 23:59:59.999,0.381570544,2.465749276,79.5,-106,39.355843255644176,16.226028823983448,766.72232568642752
1978-01-01,1978-01-31 23:59:59.999,0.698380518,0.104110995,81.0,-108,39.96077321389652,17.297205145988602,770.4435615740208
1978-02-01,1978-02-28 23:59:59.999,-0.814609393,-0.984935014,82.5,-110,41.83972502935732,15.115715722010806,771.92513553570448
1978-03-01,1978-03-31 23:59:59.999,1.819807949,-0.242603164,84.0,-112,39.327576185100088,16.24028181945792,774.9675577879384
1978-04-01,1978-04-30 23:59:59.999,0.125132829,-0.995050868,85.5,-114,41.002893129859888,15.696880408074496,774.52600165095776
1978-05-01,1978-05-31 23:59:59.999,-0.938648554,0.166112386,87.0,-116,39.50779946855128,19.230336357462468,773.92324563890144
1978-06-01,1978-06-30 23:59:59.999,0.91258471,-0.055222245,88.5,-118,40.822293375274992,20.159580672447392,774.84156282115824
1978-07-01,1978-07-31 23:59:59.999,1.205753506,-0.250252015,90.0,-120,43.728090913333456,14.946711621277496,775.69909051904048
1978-08-01,1978-08-31 23:59:59.999,0.022989752,-2.773012966,91.5,-122,42.249815904902056,11.418563881260346,776.70022380563088
1978-09-01,1978-09-30 23:59:59.999,-0.936038305,0.092503569,93.0,-124,42.278225400197696,10.613026793376262,773.1127321890008
1978-10-01,1978-10-31 23:59:59.999,-1.576140676,-1.5527348299999998,94.5,-126,40.204827019262928,10.926130146341256,774.74590603743744
1978-11-01,1978-11-30 23:59:59.999,0.913512395,-0.888940122,96.0,-128,40.534742756629136,11.04121146856335,770.49131574231552
1978-12-01,1978-12-31 23:59:59.999,0.403881586,2.560991561,97.5,-130,40.47217399158532,8.3274057920635808,773.8811327126008
1979-01-01,1979-01-31 23:59:59.999,-0.807276592,0.442958026,99.0,-132,41.005577781216544,10.500452200554272,772.7072090293504
1979-02-01,1979-02-28 23:59:59.999,0.127909061,1.048028935,100.5,-134,39.460889917521824,13.274220741554968,768.29080228602624
1979-03-01,1979-03-31 23:59:59.999,-0.142268846,0.380912297,102.0,-136,38.46020790807568,15.751419187207202,769.29993294217072
1979-04-01,1979-04-30 23:59:59.999,0.74351874,0.929064754,103.5,-138,40.307971232085752,18.843558848710016,776.09187358072352
1979-05-01,1979-05-31 23:59:59.999,-2.311353455,-0.35642983700000004,105.0,-140,37.54645537948096,16.914024920863184,773.01789671563616
1979-06-01,1979-06-30 23:59:59.999,-0.239374458,0.885879672,106.5,-142,38.793124637591224,17.62672821706101,772.20571845145808
1979-07-01,1979-07-31 23:59:59.999,-1.72732598,-2.18358764,108.0,-144,41.939970294588016,18.047841311933692,775.22326331492432
1979-08-01,1979-08-31 23:59:59.999,0.50762991999999992,-3.08820745,109.5,-146,41.269426107921728,18.26567349120652,773.85168110939616
1979-09-01,1979-09-30 23:59:59.999,-0.072392368,1.89858838,111.0,-148,41.724077836755792,21.19426334779922,775.62655782272464
1979-10-01,1979-10-31 23:59:59.999,-0.907375579,0.358958232,112.5,-150,40.377533402408776,23.37728148255612,777.5721392907552
1979-11-01,1979-11-30 23:59:59.999,0.519412424,-0.556278792,114.0,-152,41.792681294180424,27.317247736599956,777.19583906518304
1979-12-01,1979-12-31 23:59:59.999,-0.310571977,0.503891897,115.5,-154,43.263716924958192,24.904195701367948,777.62898289335616
1980-01-01,1980-01-31 23:59:59.999,0.326587042,1.990174496,117.0,-156,41.333717337510432,24.637732032556668,775.36164949772144
1980-02-01,1980-02-29 23:59:59.999,0.221698429,0.000190994,118.5,-158,40.945550771654152,19.43789191201444,776.24994177963328
1980-03-01,1980-03-31 23:59:59.999,-0.393526989,0.590360969,120.0,-160,43.702582028293576,20.985692639608688,777.50400851149584
1980-04-01,1980-04-30 23:59:59.999,-0.377870037,-0.189194225,121.5,-162,40.570757887142032,20.26627253371574,778.16724383841488
1980-05-01,1980-05-31 23:59:59.999,-0.282751671,-0.086051841,123.0,-164,40.23754448820236,19.784161262146056,776.03243687085776
1980-06-01,1980-06-30 23:59:59.999,1.337011781,0.324409939,124.5,-166,36.158933455819736,19.431557937635248,771.81052788035248
1980-07-01,1980-07-31 23:59:59.999,0.24331257,0.273209935,126.0,-168,37.999499445956792,17.054203041908224,768.37963401256288
1980-08-01,1980-08-31 23:59:59.999,1.209562015,0.92989012,127.5,-170,38.77391759393312,13.978365451208698,770.71845800035776
1980-09-01,1980-09-30 23:59:59.999,-0.950599315,0.115732064,129.0,-172,40.445130898388504,15.484826919965838,773.62182349699696
1980-10-01,1980-10-31 23:59:59.999,0.596655809,-0.714580892,130.5,-174,40.350400930713448,13.743561377784946,776.64941300298512
1980-11-01,1980-11-30 23:59:59.999,0.586903752,-0.92389655,132.0,-176,35.319425944619376,12.2495461502171,778.47974267019728
1980-12-01,1980-12-31 23:59:59.999,0.32690991200000004,-1.693952072,133.5,-178,35.769692518495176,8.2504815867709488,779.96383639662048
1981-01-01,1981-01-31 23:59:59.999,-1.253320079,0.473633008,135.0,-180,38.909085246457216,8.010761749776296,781.56149794642896
1981-02-01,1981-02-28 23:59:59.999,1.392932063,0.362550736,136.5,-182,40.593223190941352,7.7256049643593776,777.38373939005792
1981-03-01,1981-03-31 23:59:59.999,0.64639834799999992,1.2278883330000002,138.0,-184,40.545426114401544,7.6130077900812768,777.1660658741504
1981-04-01,1981-04-30 23:59:59.999,-2.567139745,-1.6476269589999998,139.5,-186,38.393873149842232,4.026882551889832,780.01780021845392
1981-05-01,1981-05-31 23:59:59.999,1.724274625,-0.013578756,141.0,-188,37.101692323386632,1.5671048910619372,779.46521899124032
1981-06-01,1981-06-30 23:59:59.999,0.091504262,1.879006959,142.5,-190,37.445806049612288,4.6881266282972296,785.16149387093616
1981-07-01,1981-07-31 23:59:59.999,1.99295755,1.153598532,144.0,-192,39.966045658133144,5.577708032498636,785.3565507596992
1981-08-01,1981-08-31 23:59:59.999,-0.963541424,-0.306559969,145.5,-194,40.890978108585504,8.0790915009301744,789.31358864272432
1981-09-01,1981-09-30 23:59:59.999,-0.17162164999999998,-1.600992618,147.0,-196,42.817334647341912,8.2799555795793408,790.90504534019408
1981-10-01,1981-10-31 23:59:59.999,0.029035618,-0.213473186,148.5,-198,41.083897217581032,12.05667990535261,793.68303947846112
1981-11-01,1981-11-30 23:59:59.999,-2.391388989,0.972461294,150.0,-200,40.635848105698352,15.008136901150654,791.74738379674768
1981-12-01,1981-12-31 23:59:59.999,0.677830485,0.237328095,151.5,-202,37.777984185523192,15.609640944256582,789.2939740867104
1982-01-01,1982-01-31 23:59:59.999,-3.062159522,-0.828761131,153.0,-204,39.458599835923264,12.192691597604826,789.534851484828
1982-02-01,1982-02-28 23:59:59.999,0.790016657,-0.251357051,154.5,-206,37.251047692755208,7.6999502383589984,785.60543121403536
1982-03-01,1982-03-31 23:59:59.999,-0.188961167,-0.983693553,156.0,-208,38.188459273731472,12.173484820795234,785.85364383860592
1982-04-01,1982-04-30 23:59:59.999,-0.695551989,-2.103734005,157.5,-210,39.265762228159456,12.28857302579587,787.0473138497552
1982-05-01,1982-05-31 23:59:59.999,1.49088919,1.465123205,159.0,-212,40.952897323587152,12.52730214034085,789.56397094582208
1982-06-01,1982-06-30 23:59:59.999,1.101172984,0.186624902,160.5,-214,40.193622403321592,13.662732046058298,792.8129818826496
1982-07-01,1982-07-31 23:59:59.999,-0.571434384,0.21550818,162.0,-216,41.577582743482584,15.67248842490638,792.21939168553632
1982-08-01,1982-08-31 23:59:59.999,-0.71398744700000008,1.792827788,163.5,-218,43.149305486565976,11.095268907265424,795.92174025815904
1982-09-01,1982-09-30 23:59:59.999,0.394106792,-0.449210802,165.0,-220,43.16730881734908,7.9085384561275616,796.2375607565088
1982-10-01,1982-10-31 23:59:59.999,-0.409780796,-1.7229194779999998,166.5,-222,43.116378450397552,6.1206898087840264,798.72133902361664
1982-11-01,1982-11-30 23:59:59.999,0.463728611,-1.378546131,168.0,-224,41.895015888650088,5.5142505831857264,800.2051457512808
1982-12-01,1982-12-31 23:59:59.999,-0.386346528,-1.4232364260000002,169.5,-226,40.094031841856128,3.1703347173597876,798.53838623327872
1983-01-01,1983-01-31 23:59:59.999,-1.143980626,-0.884067504,171.0,-228,37.9980599621202,2.359042399211142,799.320366969856
1983-02-01,1983-02-28 23:59:59.999,-0.246465106,0.668427447,172.5,-230,42.21395425016932,1.5646046937404002,795.70505075198144
1983-03-01,1983-03-31 23:59:59.999,-0.450988864,-0.268528311,174.0,-232,43.273020403017008,1.6132050274872876,797.20306929925776
1983-04-01,1983-04-30 23:59:59.999,-1.3819180820000002,1.881244316,175.5,-234,42.536424294049424,-1.252350911353187,795.9170121525312
1983-05-01,1983-05-31 23:59:59.999,-0.320138724,0.614852524,177.0,-236,42.818959362493064,-1.770281889767852,801.05388042509312
1983-06-01,1983-06-30 23:59:59.999,1.141481789,-0.275036882,178.5,-238,41.998790753663752,-1.5671719247938554,800.36417560039376
1983-07-01,1983-07-31 23:59:59.999,0.193246024,1.065814104,180.0,-240,43.060143323749184,0.44694103026321216,799.78013111574384
1983-08-01,1983-08-31 23:59:59.999,-0.187480964,0.795359938,181.5,-242,43.37454763641944,-0.54673186518377856,797.83019512339712
1983-09-01,1983-09-30 23:59:59.999,0.938291578,0.031254785,183.0,-244,43.03040593822976,0.31575905687833004,801.91410607280368
1983-10-01,1983-10-31 23:59:59.999,0.862783054,0.888260274,184.5,-246,44.451724928087808,0.78538204870947696,801.82417620491952
1983-11-01,1983-11-30 23:59:59.999,0.689815352,1.310736479,186.0,-248,42.420647102566808,1.4790331130879622,804.91462184452672
1983-12-01,1983-12-31 23:59:59.999,-0.130531816,1.140895165,187.5,-250,39.721021997806288,2.5915800594037872,806.37434617468624
1984-01-01,1984-01-31 23:59:59.999,0.32723278300000004,-1.533858267,189.0,-252,40.304872184716112,2.9909421024654856,805.42146344851504
1984-02-01,1984-02-29 23:59:59.999,-0.965856088,-0.737782102,190.5,-254,40.724955332408416,1.2543035790950646,805.59046746580048
1984-03-01,1984-03-31 23:59:59.999,-0.71942849900000008,1.835660441,192.0,-256,39.076648750836568,3.4529543064255456,806.8961885016384
1984-04-01,1984-04-30 23:59:59.999,0.534089395,-0.87102535,193.5,-258,40.646853561423976,2.5622389675882096,805.43129566832208
1984-05-01,1984-05-31 23:59:59.999,0.225305712,-0.669097062,195.0,-260,39.776398018917472,2.0882720902233232,804.029761787624
1984-06-01,1984-06-30 23:59:59.999,0.352113148,-0.671491307,196.5,-262,39.233646506151952,-1.7666108693621724,805.33918425619648
1984-07-01,1984-07-31 23:59:59.999,-0.973197984,-1.520597834,198.0,-264,39.50001930005704,1.101981937623516,806.43871017577952
1984-08-01,1984-08-31 23:59:59.999,0.499726411,0.385439307,199.5,-266,41.52413584203432,2.8247188182659652,804.5758621612288
1984-09-01,1984-09-30 23:59:59.999,1.285684448,1.558892109,201.0,-268,41.85005658350752,2.379486613168268,803.42513364986864
1984-10-01,1984-10-31 23:59:59.999,-1.511903065,-1.630337465,202.5,-270,42.524671642801848,0.49733028557677008,807.4076369804824
1984-11-01,1984-11-30 23:59:59.999,-0.750496838,1.23720838,204.0,-272,43.992500421650416,2.470662522641036,806.4390238931464
1984-12-01,1984-12-31 23:59:59.999,-0.915954388,2.258311724,205.5,-274,42.902042598383648,2.9010553930318164,808.39629798015344
1985-01-01,1985-01-31 23:59:59.999,-0.514778549,1.500488906,207.0,-276,41.074458973791376,1.642064515698385,809.13693150468768
1985-02-01,1985-02-28 23:59:59.999,0.25001554599999996,0.361651473,208.5,-278,40.125494873053696,2.8722694061544924,807.31232782829744
1985-03-01,1985-03-31 23:59:59.999,-0.345121407,0.400232238,210.0,-280,40.784921867840816,6.7916319829998424,811.0727992759928
1985-04-01,1985-04-30 23:59:59.999,0.411112069,-0.27662622399999996,211.5,-282,41.987004105452312,6.9824673078663568,810.99192460885088
1985-05-01,1985-05-31 23:59:59.999,1.015207545,0.740194537,213.0,-284,41.292776480485248,6.45780942454656,811.89992181076768
1985-06-01,1985-06-30 23:59:59.999,-1.824228093,0.279806045,214.5,-286,40.579614853338104,8.135600566480328,812.480925624552
1985-07-01,1985-07-31 23:59:59.999,1.137236723,-0.126443638,216.0,-288,44.166274642520184,10.059024976048108,815.04186438212736
1985-08-01,1985-08-31 23:59:59.999,0.56873432199999992,-0.057443685,217.5,-290,45.848487824197008,7.0182787980624664,813.14363461749024
1985-09-01,1985-09-30 23:59:59.999,1.239677658,-0.28044269100000004,219.0,-292,44.673996724661352,7.874984206918624,815.13777909249888
1985-10-01,1985-10-31 23:59:59.999,-0.237484983,-0.60950242200000008,220.5,-294,44.611217033506744,5.8076903963698024,815.60454997003616
1985-11-01,1985-11-30 23:59:59.999,0.637843414,-0.099344106,222.0,-296,43.395246149928336,5.670833773829472,821.61847247751888
1985-12-01,1985-12-31 23:59:59.999,0.239452902,0.90749154,223.5,-298,41.465693391402872,5.8243432691532208,823.69812611401456
1986-01-01,1986-01-31 23:59:59.999,0.12814098199999998,-0.887805527,225.0,-300,42.174676212819296,7.6754647789887744,827.00612606571856
1986-02-01,1986-02-28 23:59:59.999,-0.372863269,0.250331595,226.5,-302,40.812477654587056,7.1282633930542864,833.2469832955848
1986-03-01,1986-03-31 23:59:59.999,0.459558578,0.736779384,228.0,-304,39.274913841397896,6.76981567975452,833.88668890294192
1986-04-01,1986-04-30 23:59:59.999,0.690495199,0.384368377,229.5,-306,41.707310489168408,5.8806610197555792,833.55399770621216
1986-05-01,1986-05-31 23:59:59.999,-1.04340188,0.031101308,231.0,-308,41.496768075226536,9.2396713321873152,838.50936810643584
1986-06-01,1986-06-30 23:59:59.999,-0.532854756,1.154194251,232.5,-310,45.145744173204184,7.94773853091376,840.11727029369392
1986-07-01,1986-07-31 23:59:59.999,0.623749656,-1.71321517,234.0,-312,41.228788711748728,7.1691844280045888,842.07718080547808
1986-08-01,1986-08-31 23:59:59.999,0.44059675,1.468938535,235.5,-314,40.556324371418656,6.6009074437521704,838.3988984256328
1986-09-01,1986-09-30 23:59:59.999,1.551711648,-1.165738013,237.0,-316,44.374275658755992,8.6372727880407648,838.5776368292008
1986-10-01,1986-10-31 23:59:59.999,1.552989488,-0.12983719,238.5,-318,45.348323022622792,7.2376853633351168,837.09393536136576
1986-11-01,1986-11-30 23:59:59.999,1.151963716,1.2278883330000002,240.0,-320,42.366852493537688,7.6949480191543568,835.76302295597056
1986-12-01,1986-12-31 23:59:59.999,0.462791832,-0.274640115,241.5,-322,44.508549238567608,9.9153783187425792,839.17024534130624
1987-01-01,1987-01-31 23:59:59.999,0.491768333,0.335880941,243.0,-324,45.252394888355464,9.1896113721177776,837.8915720697152
1987-02-01,1987-02-28 23:59:59.999,-1.003872967,0.002410161,244.5,-326,43.44822700315456,13.500699812260586,840.0779073663744
1987-03-01,1987-03-31 23:59:59.999,-0.055988494,-0.988045485,246.0,-328,45.696951263272152,12.32275698430482,839.8391330525424
1987-04-01,1987-04-30 23:59:59.999,-1.031087322,0.735174126,247.5,-330,44.70922174806112,14.045685623115508,842.5346284448576
1987-05-01,1987-05-31 23:59:59.999,-0.574859769,-0.02122988,249.0,-332,44.247223385129024,15.48944793457348,846.04783069130608
1987-06-01,1987-06-30 23:59:59.999,0.755881047,-0.66231905300000008,250.5,-334,43.914205578692968,22.416102156463512,841.5833043968192
1987-07-01,1987-07-31 23:59:59.999,-1.238690857,2.145379767,252.0,-336,41.340510178563744,19.023901524958044,840.18496588924592
1987-08-01,1987-08-31 23:59:59.999,0.737079517,0.905645265,253.5,-338,44.041027022054104,14.940692084924232,846.018035627516
1987-09-01,1987-09-30 23:59:59.999,-1.778880687,0.047025424,255.0,-340,43.864742744205728,12.385814102314626,841.5925292167512
1987-10-01,1987-10-31 23:59:59.999,-0.590998752,-0.021689175,256.5,-342,43.90275693493388,13.670326528216522,845.2871335208872
1987-11-01,1987-11-30 23:59:59.999,0.032938487000000004,0.843738235,258.0,-344,40.965645652876232,11.925119853388682,849.41074653314384
1987-12-01,1987-12-31 23:59:59.999,-0.918867045,-0.461004674,259.5,-346,40.664974929796248,9.1655733559629648,850.3065981578192
1988-01-01,1988-01-31 23:59:59.999,1.024084213,0.042966803,261.0,-348,41.76873543534288,8.9370142604963232,849.27602775206384
1988-02-01,1988-02-29 23:59:59.999,2.186079655,0.936749984,262.5,-350,41.385376324820672,6.9431182418450816,849.37582433500832
1988-03-01,1988-03-31 23:59:59.999,-0.764562174,-0.832651494,264.0,-352,42.409904928400688,9.38607050949,848.11686933488048
1988-04-01,1988-04-30 23:59:59.999,0.904033186,0.597935923,265.5,-354,42.93738736442296,9.5642984074694512,846.23606917486496
1988-05-01,1988-05-31 23:59:59.999,0.973197984,-2.122997103,267.0,-356,40.854899934467568,10.16976675772133,846.45244565548736
1988-06-01,1988-06-30 23:59:59.999,0.602790351,0.263217999,268.5,-358,40.044850656731656,11.336197335416756,850.35123060821984
1988-07-01,1988-07-31 23:59:59.999,0.418199306,0.970621841,270.0,-360,42.369632003384968,9.5800052709004976,853.05208449030176
1988-08-01,1988-08-31 23:59:59.999,-0.9076075,0.086973841,271.5,-362,43.169336724029568,10.439963005118394,855.96857423098
1988-09-01,1988-09-30 23:59:59.999,0.425054623,0.424385007,273.0,-364,42.95184763403868,12.30436812560363,853.88249987393376
1988-10-01,1988-10-31 23:59:59.999,0.067101382,1.098931079,274.5,-366,44.887453736948952,16.31637730019398,854.9185151185624
1988-11-01,1988-11-30 23:59:59.999,-0.842428562,-1.035261903,276.0,-368,44.949129909667768,13.256452993668012,853.88144889463248
1988-12-01,1988-12-31 23:59:59.999,-0.425138751,-0.916070348,277.5,-370,44.750632514339056,15.991785546507632,858.09776268340992
1989-01-01,1989-01-31 23:59:59.999,-0.972461294,-0.543375336,279.0,-372,44.537138583089008,13.942861998262374,860.00887183286848
1989-02-01,1989-02-28 23:59:59.999,-0.35105586,-0.687778083,280.5,-374,46.429321335604488,13.339706311379036,857.9389616507128
1989-03-01,1989-03-31 23:59:59.999,-2.187753125,-0.497387873,282.0,-376,45.618230795603768,12.594184504561364,854.86795245955776
1989-04-01,1989-04-30 23:59:59.999,1.342077667,-0.112268026,283.5,-378,47.969307311413432,15.378830628708982,857.93777259382016
1989-05-01,1989-05-31 23:59:59.999,-0.186001898,-0.806746812,285.0,-380,46.96259008937064,13.783441986642684,859.72470846505088
1989-06-01,1989-06-30 23:59:59.999,0.003403784,-0.63746824700000008,286.5,-382,45.160623161450384,15.76347450772858,862.40840271957328
1989-07-01,1989-07-31 23:59:59.999,-0.824563813,2.103734005,288.0,-384,46.207865388869824,16.051472318026292,865.19617925816736
1989-08-01,1989-08-31 23:59:59.999,-0.220209131,-0.769489361,289.5,-386,46.066905198071848,11.520103680590722,870.19542907695424
1989-09-01,1989-09-30 23:59:59.999,-2.085889719,0.582185748,291.0,-388,45.304701040146512,7.9037124903193872,872.57104707673296
1989-10-01,1989-10-31 23:59:59.999,-0.108034328,0.988545708,292.5,-390,44.736558557677176,10.170832540309948,876.6723281944544
1989-11-01,1989-11-30 23:59:59.999,-1.74318302,-0.36516667,294.0,-392,41.938841890522616,8.1884699701152,876.57594202649712
1989-12-01,1989-12-31 23:59:59.999,-1.306234481,0.020540938,295.5,-394,44.106149076405864,6.5007606196592592,879.81896676569584
1990-01-01,1990-01-31 23:59:59.999,0.004552021,-0.168362249,297.0,-396,44.416311255663744,6.782270186616868,880.56880058539904
1990-02-01,1990-02-28 23:59:59.999,-1.278549462,0.071855766,298.5,-398,45.705147818206376,4.4310885342146072,878.04673124634624
1990-03-01,1990-03-31 23:59:59.999,0.710931545,-1.142950623,300.0,-400,46.932404654778448,5.0539647283442824,874.82431205008224
1990-04-01,1990-04-30 23:59:59.999,-0.899208317,0.503717956,301.5,-402,46.819771009774344,5.6548703321219824,877.9195943548008
1990-05-01,1990-05-31 23:59:59.999,1.119308308,-0.319173523,303.0,-404,43.988769679416312,6.3630705802790024,882.64086565429184
1990-06-01,1990-06-30 23:59:59.999,1.638773028,-0.509022584,304.5,-406,40.460353203557296,6.6028321752132472,882.3839147575776
1990-07-01,1990-07-31 23:59:59.999,0.958561941,0.60628053699999992,306.0,-408,40.763376868064264,6.2581242789685184,884.1514414063024
1990-08-01,1990-08-31 23:59:59.999,0.63746824700000008,1.204330147,307.5,-410,43.836622838248448,3.4507594613550544,885.21917986393344
1990-09-01,1990-09-30 23:59:59.999,-1.37499228,-0.17038018999999998,309.0,-412,46.711940776078968,1.4530860751242876,884.99054707396768
1990-10-01,1990-10-31 23:59:59.999,-0.95252517,-0.406787422,310.5,-414,44.36690876054264,-0.56058853980327104,888.53307443149776
1990-11-01,1990-11-30 23:59:59.999,-1.607086233,0.33685182600000004,312.0,-416,46.173917844496512,0.87535969705922064,893.01187277433536
1990-12-01,1990-12-31 23:59:59.999,1.466019057,-0.829948021,313.5,-418,46.094374054348496,2.4163454956994616,890.8152702694328
1991-01-01,1991-01-31 23:59:59.999,-0.29951252099999996,-0.938412086,315.0,-420,47.000247583048648,1.5462389961810054,891.94796022049456
1991-02-01,1991-02-28 23:59:59.999,-0.447012098,0.481350071,316.5,-422,45.723989289853192,2.2552033095556956,892.1679439682832
1991-03-01,1991-03-31 23:59:59.999,-0.104803348,1.635557965,318.0,-424,43.150808040128576,2.1932517402014692,892.54148408640928
1991-04-01,1991-04-30 23:59:59.999,-2.1979212760000004,-1.4851048039999998,319.5,-426,41.407028397888704,-0.67588712816142184,889.7568740647392
1991-05-01,1991-05-31 23:59:59.999,-0.098651753,0.16681042300000002,321.0,-428,42.919407289585608,-1.5587186262464844,884.69144910559536
1991-06-01,1991-06-30 23:59:59.999,-0.244415332,-0.759346221,322.5,-430,42.806800146737208,-3.951440563519604,886.0273524311496
1991-07-01,1991-07-31 23:59:59.999,-0.377377773,-1.07859023,324.0,-432,44.669023584975032,-4.1176023887977648,881.27541663730032
1991-08-01,1991-08-31 23:59:59.999,0.812692633,-0.824670678,325.5,-434,43.561748025116752,-3.8745640694831728,884.71807295373008
1991-09-01,1991-09-30 23:59:59.999,-0.67043743,0.31450781500000004,327.0,-436,43.17484002829048,-2.4079322892701352,883.60153390607616
1991-10-01,1991-10-31 23:59:59.999,-1.125918061,1.123469247,328.5,-438,44.011965375209536,-1.810575989319864,882.57964453850848
1991-11-01,1991-11-30 23:59:59.999,-0.08651341,-1.206863089,330.0,-440,46.876641000012352,-1.5612132934847324,883.9685743193992
1991-12-01,1991-12-31 23:59:59.999,0.887919214,-0.073696356,331.5,-442,45.408321337703944,2.4144369307357968,885.34826885447104
1992-01-01,1992-01-31 23:59:59.999,-0.243862814,0.050778226,333.0,-444,43.55824631008056,1.8576621431580552,883.21469512549136
1992-02-01,1992-02-29 23:59:59.999,-1.016360329,-0.412112513,334.5,-446,43.446990137261568,2.9105552540387684,885.99644005277056
1992-03-01,1992-03-31 23:59:59.999,0.164870926,-0.036842494,336.0,-448,43.119497126895656,5.7903096541411528,885.94241628193328
1992-04-01,1992-04-30 23:59:59.999,-1.107648586,-0.835900664,337.5,-450,42.490512628313888,6.191958928916384,882.95370038297616
1992-05-01,1992-05-31 23:59:59.999,-1.042481017,-0.847676347,339.0,-452,45.266310020224016,7.1431653411772008,886.94844281293472
1992-06-01,1992-06-30 23:59:59.999,-1.428520591,-0.080065092,340.5,-454,45.310166639995272,5.1256060256843448,887.46561303148992
1992-07-01,1992-07-31 23:59:59.999,-0.049017217,-0.556635769,342.0,-456,47.274317217198632,5.5057475324067984,886.80281403297712
1992-08-01,1992-08-31 23:59:59.999,1.260398221,-0.816742158,343.5,-458,50.320897917122632,8.286678111647496,890.22874353596736
1992-09-01,1992-09-30 23:59:59.999,0.507368441,2.88564479,345.0,-460,47.678623326085248,6.7267415128165056,888.235186512136
1992-10-01,1992-10-31 23:59:59.999,1.192877335,-0.182034228,346.5,-462,45.734389395692632,6.5639191705637904,891.16653380082896
1992-11-01,1992-11-30 23:59:59.999,1.349835657,1.362886906,348.0,-464,45.213690902739712,8.4396790115354848,891.08246205472048
1992-12-01,1992-12-31 23:59:59.999,0.006770051,-1.391722435,349.5,-466,46.672443900219072,7.6733911857035488,892.7105223732272
1993-01-01,1993-01-31 23:59:59.999,0.88090701,-0.392783477,351.0,-468,46.361094013109896,4.341283581536512,895.39429681067184
1993-02-01,1993-02-28 23:59:59.999,0.916536465,0.825423285,352.5,-470,46.181035577484696,3.2105199074368716,892.11378300608336
1993-03-01,1993-03-31 23:59:59.999,1.674056875,0.12760097,354.0,-472,48.101388295125704,5.9662373370953744,891.42892559475888
1993-04-01,1993-04-30 23:59:59.999,0.479890332,2.347078407,355.5,-474,49.308436897178472,2.4797030406515872,893.26739569758016
1993-05-01,1993-05-31 23:59:59.999,0.71843715,-1.777025318,357.0,-476,49.050989909417904,4.8777422343247728,894.44560299364304
1993-06-01,1993-06-30 23:59:59.999,-0.773403599,1.013672772,358.5,-478,48.184159928352112,5.0893050803115496,893.46985421390304
1993-07-01,1993-07-31 23:59:59.999,0.595376832,1.500488906,360.0,-480,48.64841979320076,4.5672515677743672,892.53366011803536
1993-08-01,1993-08-31 23:59:59.999,-0.738485824,0.189505727,361.5,-482,47.100420351067568,3.6574247940706352,896.86020295397536
1993-09-01,1993-09-30 23:59:59.999,-0.68991198499999992,-1.169973984,363.0,-484,47.920296443574032,4.6312042012385896,898.13180419921904
1993-10-01,1993-10-31 23:59:59.999,-0.44608214,2.152301022,364.5,-486,46.788059178238,6.5748441750422632,902.02740263700336
1993-11-01,1993-11-30 23:59:59.999,-2.085216693,0.372453997,366.0,-488,49.477708590816288,2.6794663290014692,904.78397348330368
1993-12-01,1993-12-31 23:59:59.999,0.425892495,-1.036701178,367.5,-490,50.679364600190568,0.85505635128767872,906.28723797012144
1994-01-01,1994-01-31 23:59:59.999,-0.08566758,1.683447408,369.0,-492,50.90899025780816,-0.071434073749025104,903.4661436234024
1994-02-01,1994-02-28 23:59:59.999,0.398408702,0.660891146,370.5,-494,49.968893797785752,2.4731454796122976,908.61803255073904
1994-03-01,1994-03-31 23:59:59.999,-0.31571289600000004,0.795359938,372.0,-496,45.404134202154688,2.1626601696757904,911.89353470639792
1994-04-01,1994-04-30 23:59:59.999,0.40130999,0.96670874,373.5,-498,46.884092652821792,3.8778021773455352,911.31072529442368
1994-05-01,1994-05-31 23:59:59.999,-1.542093742,-0.185457338,375.0,-500,48.934111628007248,6.437306965311972,909.12013611265632
1994-06-01,1994-06-30 23:59:59.999,1.187750058,-0.757815997,376.5,-502,49.813633899425912,4.833789953125436,908.38498806617984
1994-07-01,1994-07-31 23:59:59.999,-0.033091965,-0.604351271,378.0,-504,48.964369216654912,4.8490652265951232,907.54484211600656
1994-08-01,1994-08-31 23:59:59.999,-0.17954562299999998,0.755474048,379.5,-506,46.158575943006592,-0.02388079098405438,910.53374532001472
1994-09-01,1994-09-30 23:59:59.999,1.865764716,1.297662493,381.0,-508,44.7182072477094,0.65152768393324208,910.7506028181048
1994-10-01,1994-10-31 23:59:59.999,1.07653932,-0.29623379300000004,382.5,-510,46.060643660891528,1.6620705081990418,913.81148497332688
1994-11-01,1994-11-30 23:59:59.999,-0.4409344,0.120662662,384.0,-512,46.390583572754176,3.1462820968738236,915.58211752550272
1994-12-01,1994-12-31 23:59:59.999,1.956932465,-1.088496902,385.5,-514,46.077611399604216,5.6827720186529104,913.85301808715792
1995-01-01,1995-01-31 23:59:59.999,1.472999429,1.3125441,387.0,-516,45.678789959340456,5.8017072897900912,911.72542792757344
1995-02-01,1995-02-28 23:59:59.999,0.56532030600000008,-1.149442141,388.5,-518,44.007956656479976,6.857890263521648,915.93210763393104
1995-03-01,1995-03-31 23:59:59.999,1.690432327,3.08820745,390.0,-520,46.472636660645752,9.2033356716500416,920.89910079688608
1995-04-01,1995-04-30 23:59:59.999,-0.439248424,2.192809916,391.5,-522,47.545960077961784,8.1886248726024736,927.2380338549976
1995-05-01,1995-05-31 23:59:59.999,0.76087872,-1.43899797,393.0,-524,47.724870046089344,10.217892608129812,926.45938441239568
1995-06-01,1995-06-30 23:59:59.999,0.311856638,0.08666575,394.5,-526,46.961352573970488,11.44020116799945,926.11675564379808
1995-07-01,1995-07-31 23:59:59.999,-0.48754373,1.015976068,396.0,-528,45.051203559977192,11.823381010479644,927.03743762837456
1995-08-01,1995-08-31 23:59:59.999,0.55155169299999992,0.626353085,397.5,-530,44.294603056164576,11.66189432658046,928.51137650610752
1995-09-01,1995-09-30 23:59:59.999,-0.991667548,-0.155108637,399.0,-532,46.518869575798336,11.543999764091222,929.21993412076032
1995-10-01,1995-10-31 23:59:59.999,-0.669288056,-0.824026074,400.5,-534,47.219578059539456,13.510976282663294,930.98623379768192
1995-11-01,1995-11-30 23:59:59.999,-1.707603587,0.803677267,402.0,-536,49.130428395079232,11.29129238353213,928.6877004427552
1995-12-01,1995-12-31 23:59:59.999,0.745637863,-0.447096227,403.5,-538,48.98054033999724,13.311669563203902,931.152219930252
1996-01-01,1996-01-31 23:59:59.999,1.136652372,0.028652494,405.0,-540,49.122911521494872,13.956008283872816,931.17973969310656
1996-02-01,1996-02-29 23:59:59.999,-0.200186605,-1.652401806,406.5,-542,49.001534774039048,14.28246233673838,930.83325698046448
1996-03-01,1996-03-31 23:59:59.999,0.307442178,-0.81173539,408.0,-544,49.163459032825648,15.669781447303268,933.7859200234248
1996-04-01,1996-04-30 23:59:59.999,0.868903953,0.789912065,409.5,-546,50.728716035631,15.128892724853248,932.1410934954368
1996-05-01,1996-05-31 23:59:59.999,-0.215117097,-0.600407475,411.0,-548,50.07485737476112,17.346850856055284,935.03682977811712
1996-06-01,1996-06-30 23:59:59.999,-2.713713911,0.008146799,412.5,-550,48.489687137489608,18.847024341658932,937.31849525146256
1996-07-01,1996-07-31 23:59:59.999,0.725883638,-0.957836619,414.0,-552,47.47996658292412,19.260884929087,936.82964782910864
1996-08-01,1996-08-31 23:59:59.999,-1.197879556,-0.55565351399999992,415.5,-554,47.101999427183184,18.12164781912516,939.3733937289888
1996-09-01,1996-09-30 23:59:59.999,2.25732947,0.110882183,417.0,-556,47.376629372308904,18.125739791317392,938.76576258491952
1996-10-01,1996-10-31 23:59:59.999,0.272495981,0.071395334000000008,418.5,-558,47.79841782118504,17.702945019336098,937.08175505126704
1996-11-01,1996-11-30 23:59:59.999,0.100419584,-1.718885869,420.0,-560,44.549342990529824,14.824407189386132,933.63790934508096
1996-12-01,1996-12-31 23:59:59.999,-0.344228965,-0.113576561,421.5,-562,47.437068097651096,13.02533852787681,935.6868864464704
1997-01-01,1997-01-31 23:59:59.999,0.082598035,0.781683411,423.0,-564,46.979933567772944,13.90035184810859,937.00746779782176
1997-02-01,1997-02-28 23:59:59.999,-1.556832103,-0.468846793,424.5,-566,46.137614039663752,13.758536020860702,941.50329800816256
1997-03-01,1997-03-31 23:59:59.999,-2.362994564,-2.342294465,426.0,-568,45.184662946610504,13.319857100588608,944.34555528151344
1997-04-01,1997-04-30 23:59:59.999,-0.786885721,1.643184078,427.5,-570,47.917623333900552,13.81555544859406,949.2293996805784
1997-05-01,1997-05-31 23:59:59.999,-3.611203283,1.096555025,429.0,-572,48.574999072983576,16.224701027465664,946.07347135293584
1997-06-01,1997-06-30 23:59:59.999,-0.738485824,-1.1565794009999998,430.5,-574,48.07436619248792,14.292019858244588,946.50748457451168
1997-07-01,1997-07-31 23:59:59.999,1.286384759,-0.754455414,432.0,-576,46.778956825294192,17.961536301746076,951.37711952928688
1997-08-01,1997-08-31 23:59:59.999,1.951766535,-1.1967813410000002,433.5,-578,45.399182338851736,18.83714005526908,951.708456562032
1997-09-01,1997-09-30 23:59:59.999,-0.015874092999999998,0.974796421,435.0,-580,47.650084775209592,19.802710029291572,953.14855929137984
1997-10-01,1997-10-31 23:59:59.999,-0.761490355,-1.428097676,436.5,-582,47.341094005494776,18.721445017462176,954.42198134422816
1997-11-01,1997-11-30 23:59:59.999,-1.029916348,1.5321211320000002,438.0,-584,48.320151229942048,19.90581278063652,949.0958631438336
1997-12-01,1997-12-31 23:59:59.999,0.206200639,0.66241455000000008,439.5,-586,48.605074055399744,21.913725440714484,948.11768094870176
1998-01-01,1998-01-31 23:59:59.999,-0.130609124,-0.808336154,441.0,-588,49.54480248461352,20.791847019075724,947.31361147292832
1998-02-01,1998-02-28 23:59:59.999,-0.070781424999999992,-0.091888523,442.5,-590,49.524321639256168,23.141289271266876,946.52353126544368
1998-03-01,1998-03-31 23:59:59.999,0.681588972,-0.44540684,444.0,-592,48.284365276623888,26.596518260551788,950.88467878401904
1998-04-01,1998-04-30 23:59:59.999,0.510416385,0.469358383,445.5,-594,45.435929949727408,27.712072664221988,949.24198316520512
1998-05-01,1998-05-31 23:59:59.999,-0.011131078,0.865450147,447.0,-596,46.091598610632264,22.954490437715468,947.57588651569568
1998-06-01,1998-06-30 23:59:59.999,0.710340373,-0.499900352,448.5,-598,47.413045145962264,22.163718470797828,948.9836488468552
1998-07-01,1998-07-31 23:59:59.999,0.843410817,-0.33418132299999996,450.0,-600,47.976784832617472,19.594368049656112,953.048831517932
1998-08-01,1998-08-31 23:59:59.999,-0.988045485,-0.33644710100000004,451.5,-602,51.926487884751424,18.430953562594668,951.09522537142112
1998-09-01,1998-09-30 23:59:59.999,-0.920736056,0.48874881,453.0,-604,53.063665408791416,20.581845647373456,956.02420954622736
1998-10-01,1998-10-31 23:59:59.999,0.57404804499999992,0.533824505,454.5,-606,48.965556224874416,19.009461360360748,954.20667286404416
1998-11-01,1998-11-30 23:59:59.999,-0.982950041,-0.086205318,456.0,-608,49.46558641631556,15.571770992287048,952.94186154718464
1998-12-01,1998-12-31 23:59:59.999,0.394519475,-1.560956662,457.5,-610,50.339289657822976,14.050621389349438,951.37356005511712
1999-01-01,1999-01-31 23:59:59.999,-0.978000116,-0.820914465,459.0,-612,49.764014073488568,14.69826089894054,953.10558882938112
1999-02-01,1999-02-28 23:59:59.999,0.792738319,0.75293201,460.5,-614,47.87231454063692,17.3517850671232,952.16726707788576
1999-03-01,1999-03-31 23:59:59.999,0.399071496,-0.94174311,462.0,-616,48.834190819886832,19.62447367234214,953.28143199771936
1999-04-01,1999-04-30 23:59:59.999,0.683133976,0.768254722,463.5,-618,50.092276447932832,20.951029428711144,953.94268963104544
1999-05-01,1999-05-31 23:59:59.999,-1.194594006,0.554761073,465.0,-620,47.050536042182304,21.02774313700874,954.31073385901504
1999-06-01,1999-06-30 23:59:59.999,-0.694383289,0.531180149,466.5,-622,49.56562084742352,20.769108164738716,954.5526789368208
1999-07-01,1999-07-31 23:59:59.999,-1.051080289,0.732770786,468.0,-624,50.966357095620296,20.904711961048992,958.80078968599264
1999-08-01,1999-08-31 23:59:59.999,-0.630548129,0.646020908,469.5,-626,50.922661192147952,21.66892080855388,963.28662170975216
1999-09-01,1999-09-30 23:59:59.999,1.192565833,1.468711162,471.0,-628,51.573876185666696,24.258232653897532,963.86484260084864
1999-10-01,1999-10-31 23:59:59.999,-0.65026824800000008,0.511636244,472.5,-630,51.559669297275,23.07942717720804,959.28341589003952
1999-11-01,1999-11-30 23:59:59.999,-0.013808403,1.677171895,474.0,-632,51.963394506064456,24.24764384656048,958.29187874337312
1999-12-01,1999-12-31 23:59:59.999,-1.787129804,-0.365002961,475.5,-634,52.686366510069128,26.553111463342832,962.66555291619312
2000-01-01,2000-01-31 23:59:59.999,-1.007679202,0.16363060200000002,477.0,-636,52.861016496818328,25.15863522402594,962.51927591251776
2000-02-01,2000-02-29 23:59:59.999,0.098805231,-0.457434908,478.5,-638,52.094148891813608,23.27525797852818,964.68237878839664
2000-03-01,2000-03-31 23:59:59.999,0.56496219299999992,-0.054226348,480.0,-640,54.738401495075464,22.951632996479792,966.05906742941232
2000-04-01,2000-04-30 23:59:59.999,-1.414236976,0.0015688779999999998,481.5,-642,55.309443584818744,22.373328926474708,964.66410480069808
2000-05-01,2000-05-31 23:59:59.999,-0.66184156800000008,-1.087391865,483.0,-644,54.838357526387624,22.423941305290024,967.34141403337504
2000-06-01,2000-06-30 23:59:59.999,0.289685431,-1.171947588,484.5,-646,52.89683062409564,22.613589662830128,969.18031827521504
2000-07-01,2000-07-31 23:59:59.999,-0.549059678,1.743533176,486.0,-648,51.897869143980536,22.199906384265532,967.9133285627944
2000-08-01,2000-08-31 23:59:59.999,-0.704544618,-0.950719823,487.5,-650,51.550494219180752,17.798374118330536,967.68289114566096
2000-09-01,2000-09-30 23:59:59.999,-0.885199825,0.260131401,489.0,-652,54.241643187214512,15.967487684574308,966.88520106758864
2000-10-01,2000-10-31 23:59:59.999,-0.698771601,1.081057235,490.5,-654,53.004507787513088,16.833689640292036,967.45280278722352
2000-11-01,2000-11-30 23:59:59.999,-1.674679879,0.453192115,492.0,-656,52.591901506996464,13.691363968703358,970.23958362902432
2000-12-01,2000-12-31 23:59:59.999,-0.652348717,-0.731670298,493.5,-658,52.563826201332672,17.774081100596924,968.18169049399904
2001-01-01,2001-01-31 23:59:59.999,0.451158257,0.727677616,495.0,-660,50.909810037435472,20.655563951857084,969.38387767216096
2001-02-01,2001-02-28 23:59:59.999,-1.992402758,-0.221775736,496.5,-662,51.020590473204576,20.565014347435012,971.68946066653184
2001-03-01,2001-03-31 23:59:59.999,-0.124207418,0.312900283,498.0,-664,50.805770583065,17.565140609258566,974.82069251987552
2001-04-01,2001-04-30 23:59:59.999,-0.202996944,-0.341633495,499.5,-666,51.48418137705084,13.781065076802926,978.09832700144432
2001-05-01,2001-05-31 23:59:59.999,-0.728673513,-1.585749487,501.0,-668,49.066227526741752,14.372112809961964,979.4040779353712
2001-06-01,2001-06-30 23:59:59.999,0.549325705,0.215272848,502.5,-670,49.053076369013336,17.12380535997368,980.67544065586352
2001-07-01,2001-07-31 23:59:59.999,0.844938768,0.302953822,504.0,-672,46.896632759546016,14.939288802165208,979.34861503749056
2001-08-01,2001-08-31 23:59:59.999,0.429831744,1.307671482,505.5,-674,49.541797001108472,14.989289375614154,979.95706681660912
2001-09-01,2001-09-30 23:59:59.999,-1.677171895,0.371715032,507.0,-676,50.923934068310976,14.73330407377571,978.896777733068
2001-10-01,2001-10-31 23:59:59.999,-0.631293915,1.084908945,508.5,-678,50.750565158577664,10.63454134505908,979.83938457771488
2001-11-01,2001-11-30 23:59:59.999,-0.949157766,0.571974397,510.0,-680,49.894129224607848,6.3044167295947216,975.87828015664976
2001-12-01,2001-12-31 23:59:59.999,-0.332240688,0.502154762,511.5,-682,52.767692879549272,5.9891648423269872,974.86420377781264
2002-01-01,2002-01-31 23:59:59.999,0.58499608700000008,-0.044268518,513.0,-684,51.759334860883008,5.037410417483984,974.88207173734384
2002-02-01,2002-02-28 23:59:59.999,-0.831785201,-0.17962292999999998,514.5,-686,51.455367473522488,5.4174807847237376,977.38389853095008
2002-03-01,2002-03-31 23:59:59.999,0.073389401,0.60867250799999992,516.0,-688,51.245869753042464,5.9090592589168512,979.6484397342376
2002-04-01,2002-04-30 23:59:59.999,0.260131401,0.368520432,517.5,-690,50.581453467001968,9.6899251205721104,979.10356571748112
2002-05-01,2002-05-31 23:59:59.999,0.285618853,-0.649513368,519.0,-692,50.095346044391672,5.9737117233268064,980.9674296825168
2002-06-01,2002-06-30 23:59:59.999,-0.743216333,-0.192466132,520.5,-694,47.158123199766368,7.4965987378715696,985.19045103740576
2002-07-01,2002-07-31 23:59:59.999,1.525968401,-1.084217729,522.0,-696,51.092456386446352,10.10339343411971,986.16887866153632
2002-08-01,2002-08-31 23:59:59.999,-0.984687176,-1.071230145,523.5,-698,50.92118213695484,10.599856785614356,987.55092011596112
2002-09-01,2002-09-30 23:59:59.999,1.172707016,0.937104687,525.0,-700,48.026022019605264,10.89050014357002,990.016264338972
2002-10-01,2002-10-31 23:59:59.999,0.56747580900000008,0.764150627,526.5,-702,49.0499178102218,8.6783109993258848,990.27952429228544
2002-11-01,2002-11-30 23:59:59.999,-0.72270268,-0.935799562,528.0,-704,50.316716421522776,5.6095099702215168,986.29365004764144
2002-12-01,2002-12-31 23:59:59.999,-1.0844951249999998,1.56043825,529.5,-706,52.24883076984048,7.9351971017069408,985.27434253037536
2003-01-01,2003-01-31 23:59:59.999,1.3129056240000002,-1.164530659,531.0,-708,52.844992389789712,8.6461687044467968,983.1296894900376
2003-02-01,2003-02-28 23:59:59.999,-1.620019248,0.218327614,532.5,-710,50.891036391351216,10.113781777652192,985.98857852782192
2003-03-01,2003-03-31 23:59:59.999,-1.147370767,-0.447266757,534.0,-712,51.620007639718528,5.581168226354212,984.75719425082208
2003-04-01,2003-04-30 23:59:59.999,-0.515040028,0.59510284700000008,535.5,-714,53.123277112262144,3.5454823129610572,990.8858262101208
2003-05-01,2003-05-31 23:59:59.999,-0.65083554499999992,-1.2151440389999998,537.0,-716,51.637727037796112,0.77893009802156768,991.63971948712656
2003-06-01,2003-06-30 23:59:59.999,-0.250331595,-0.248674041,538.5,-718,50.037242582205608,2.3152890515758564,988.50254327053664
2003-07-01,2003-07-31 23:59:59.999,-1.684084054,-1.256344149,540.0,-720,50.558173167739968,3.5860264128376624,992.81009020736752
2003-08-01,2003-08-31 23:59:59.999,-1.289540705,2.103734005,541.5,-722,53.331061949596944,6.64609388168018,994.41408792910032
2003-09-01,2003-09-30 23:59:59.999,0.978618573,0.804100182,543.0,-724,51.563358449458648,7.4111625429210176,996.97007578732864
2003-10-01,2003-10-31 23:59:59.999,1.1157385420000002,-0.377049219,544.5,-726,50.467547379843592,3.7806744244377976,993.49886249513376
2003-11-01,2003-11-30 23:59:59.999,0.68439021600000008,-0.556814257,546.0,-728,49.714785236706328,4.1234595004601464,996.16984228373424
2003-12-01,2003-12-31 23:59:59.999,0.047484718,-0.369175268,547.5,-730,53.316895036826776,4.8413702961736816,1000.392384870782
2004-01-01,2004-01-31 23:59:59.999,-0.33984861100000004,0.722403684,549.0,-732,54.825863202285808,9.8261066448666128,997.47008063174752
2004-02-01,2004-02-29 23:59:59.999,0.389316028,0.012430519,550.5,-734,53.758069970549112,12.3249260422059,995.5523086060352
2004-03-01,2004-03-31 23:59:59.999,-2.128126653,-0.027122269,552.0,-736,53.540468032656432,12.993962643904758,994.59879013086736
2004-04-01,2004-04-30 23:59:59.999,0.388820354,-1.231310307,553.5,-738,54.800749228847224,10.86361984414988,995.79176318996592
2004-05-01,2004-05-31 23:59:59.999,1.27130761,-0.059053491,555.0,-740,54.129049010562896,8.07541834958356,998.73398136663392
2004-06-01,2004-06-30 23:59:59.999,-0.90980393,-0.362550736,556.5,-742,53.808633977041328,11.347297657254116,1000.2800800644208
2004-07-01,2004-07-31 23:59:59.999,-0.43588102,-0.632228421,558.0,-744,54.357469557207336,11.678411633303516,998.54368958543936
2004-08-01,2004-08-31 23:59:59.999,-0.968786935,1.195999175,559.5,-746,52.863787245074712,12.00333157082416,996.43894477566464
2004-09-01,2004-09-30 23:59:59.999,-0.117272521,0.114500835,561.0,-748,52.41437731744328,10.262453910802706,998.22398842437488
2004-10-01,2004-10-31 23:59:59.999,0.771239002,1.282719495,562.5,-750,51.587752724354872,11.62645263929818,997.11641343384272
2004-11-01,2004-11-30 23:59:59.999,-1.622584023,0.243942395,564.0,-752,52.78261450077332,12.446163190530616,994.29611968214784
2004-12-01,2004-12-31 23:59:59.999,0.093272092,-0.26084308,565.5,-754,51.871861329691496,6.9743822566621664,997.1283794106936
2005-01-01,2005-01-31 23:59:59.999,0.000802629,-0.471067096,567.0,-756,53.03317791764688,9.0173391022365392,1000.1749154562194
2005-02-01,2005-02-28 23:59:59.999,1.180042091,-1.243813585,568.5,-758,52.872205078620728,9.6399160811929968,1000.3343049466288
2005-03-01,2005-03-31 23:59:59.999,1.078865353,-2.368014975,570.0,-760,53.936021444080624,6.8915117842925928,1002.15527183918
2005-04-01,2005-04-30 23:59:59.999,-0.61883156399999992,-0.744427098,571.5,-762,53.902428461599216,8.7001439379619536,996.64054268922832
2005-05-01,2005-05-31 23:59:59.999,-0.27869305100000004,-1.173316377,573.0,-764,54.281270241399592,8.157784571263136,999.00632003311392
2005-06-01,2005-06-30 23:59:59.999,-0.410529992,-0.493237167,574.5,-766,52.08066874372496,12.189001257744052,1003.1591323034352
2005-07-01,2005-07-31 23:59:59.999,1.764915396,-1.354032975,576.0,-768,51.838432176236072,12.831862302806896,1001.6915163375202
2005-08-01,2005-08-31 23:59:59.999,1.365019671,-0.345689841,577.5,-770,52.628867646574944,13.485778732846634,1002.2678634757522
2005-09-01,2005-09-30 23:59:59.999,-0.193011829,-0.67686869400000008,579.0,-772,52.603561602788712,11.420929462608866,1000.5188140955004
2005-10-01,2005-10-31 23:59:59.999,1.088083081,-0.427148734,580.5,-774,53.868029209598376,11.40827794679202,1002.1171333348528
2005-11-01,2005-11-30 23:59:59.999,1.525477273,0.551463017,582.0,-776,52.897222822977048,8.4684240023116144,1003.880250175664
2005-12-01,2005-12-31 23:59:59.999,-0.944726253,0.388572516,583.5,-778,52.905463088553624,6.515920863627268,1003.586483282765
2006-01-01,2006-01-31 23:59:59.999,0.521339416,-0.668044322,585.0,-780,50.789481131525,8.702892699129816,1002.8169296534374
2006-02-01,2006-02-28 23:59:59.999,-1.464227353,0.829517148,586.5,-782,51.112775316367912,5.4225254827965888,1004.4215700966398
2006-03-01,2006-03-31 23:59:59.999,0.33094693200000004,0.650645688,588.0,-784,51.542671876168456,3.8969954332238056,1008.3007322979376
2006-04-01,2006-04-30 23:59:59.999,0.951681614,0.860122782,589.5,-786,53.924015324524928,5.6887916916558504,1006.7295627746154
2006-05-01,2006-05-31 23:59:59.999,-0.246150194,0.005011316,591.0,-788,53.24585419991676,11.133823598240724,1004.8284502517226
2006-06-01,2006-06-30 23:59:59.999,-0.57847273600000008,-0.001339231,592.5,-790,51.801859156668296,13.905987318841908,1004.872807216886
2006-07-01,2006-07-31 23:59:59.999,2.956367098,0.029876901,594.0,-792,52.638620313180272,12.855917657239594,1006.991274898609
2006-08-01,2006-08-31 23:59:59.999,0.989791715,-1.02395461,595.5,-794,54.630523218593336,16.063856344630224,1013.5318381143288
2006-09-01,2006-09-30 23:59:59.999,0.50380549500000008,0.295353857,597.0,-796,55.79128937849504,13.524222135918542,1015.916825004502
2006-10-01,2006-10-31 23:59:59.999,-0.105342224,-0.514254452,598.5,-798,53.650378492393792,14.38294975296631,1016.0216936719364
2006-11-01,2006-11-30 23:59:59.999,-0.459133389,0.852066933,600.0,-800,54.637862327067288,15.164941349259824,1016.2236720729042
2006-12-01,2006-12-31 23:59:59.999,-0.469187853,0.65187578,601.5,-802,51.960077855732464,14.580896007804836,1014.0046370418958
2007-01-01,2007-01-31 23:59:59.999,0.972952421,0.64828555,603.0,-804,53.589860061007544,17.099918729321672,1016.5473485953846
2007-02-01,2007-02-28 23:59:59.999,-0.152708708,-0.27178089100000004,604.5,-806,54.131896339182464,14.547806697686906,1016.1419969873016
2007-03-01,2007-03-31 23:59:59.999,0.478260063,0.485820237,606.0,-808,55.306563622381504,17.390716254065186,1015.3367004643196
2007-04-01,2007-04-30 23:59:59.999,0.667662334,2.349479473,607.5,-810,56.742842178394408,17.024914337726826,1015.6507887321424
2007-05-01,2007-05-31 23:59:59.999,0.664510935,-0.699357088,609.0,-812,56.374380520742192,18.844045994850012,1019.3457789252946
2007-06-01,2007-06-30 23:59:59.999,1.446360329,-0.410695975,610.5,-814,55.315830485256888,18.40629837444122,1022.0922610435836
2007-07-01,2007-07-31 23:59:59.999,-1.217708814,1.642592906,612.0,-816,54.956400162928848,18.59483375518856,1023.6677321421914
2007-08-01,2007-08-31 23:59:59.999,-1.123758011,0.039674433,613.5,-818,53.291718103599432,17.4323352582579,1020.4964958008468
2007-09-01,2007-09-30 23:59:59.999,0.276467063,0.902996362,615.0,-820,53.431729453770344,20.728845889560576,1019.3099741707892
2007-10-01,2007-10-31 23:59:59.999,-0.58463456300000008,1.169669304,616.5,-822,54.305162021894432,23.894816861653072,1020.5837247585698
2007-11-01,2007-11-30 23:59:59.999,-0.467737209,-0.226091288,618.0,-824,56.102923663464448,22.62558153516952,1022.1750506360644
2007-12-01,2007-12-31 23:59:59.999,-0.16091803399999998,-0.460239562,619.5,-826,55.270052850157896,23.537555332406768,1024.7766275863916
2008-01-01,2008-01-31 23:59:59.999,0.501808017,0.202606998,621.0,-828,55.260019637397272,24.542154436142068,1029.7236232717232
2008-02-01,2008-02-29 23:59:59.999,0.405873379,0.773300144,622.5,-830,54.053550128868128,28.944871955279404,1032.0227737207608
2008-03-01,2008-03-31 23:59:59.999,-0.198626822,1.269763743,624.0,-832,53.627699554276544,30.997140200778196,1035.6316664419684
2008-04-01,2008-04-30 23:59:59.999,-1.496255209,2.124461389,625.5,-834,53.684911676398104,35.183257092618092,1041.0722238638164
2008-05-01,2008-05-31 23:59:59.999,-1.510943548,-1.083667485,627.0,-836,54.6371079159824,35.078913220624684,1039.6749574183736
2008-06-01,2008-06-30 23:59:59.999,0.050089284,0.69711177300000008,628.5,-838,55.559871098020464,32.747082988065684,1042.5085822837648
2008-07-01,2008-07-31 23:59:59.999,0.0942714,-0.915954388,630.0,-840,55.267591754073776,30.683314183198704,1043.832637534751
2008-08-01,2008-08-31 23:59:59.999,0.403715603,2.02996489,631.5,-842,54.2323977822516,26.884078916132112,1044.6581080617266
2008-09-01,2008-09-30 23:59:59.999,-0.424552127,-0.868903953,633.0,-844,55.727992552398328,26.820693187691984,1048.0465801238224
2008-10-01,2008-10-31 23:59:59.999,-1.837724994,0.78584435,634.5,-846,54.611342023343752,27.407910103986644,1047.0289206598872
2008-11-01,2008-11-30 23:59:59.999,0.550571713,0.305196863,636.0,-848,56.43430926511484,27.123792826472644,1046.6596500423764
2008-12-01,2008-12-31 23:59:59.999,1.814623829,1.063790478,637.5,-850,56.61030027241464,25.051285722633604,1051.0156017416138
2009-01-01,2009-01-31 23:59:59.999,-1.428734322,0.490388175,639.0,-852,56.905738452285664,23.3901709796344,1050.2613654585186
2009-02-01,2009-02-28 23:59:59.999,-0.2345746,0.67802375299999992,640.5,-854,55.231042676670208,26.288230951662644,1048.48664100309
2009-03-01,2009-03-31 23:59:59.999,-2.406341082,1.007299488,642.0,-856,56.032646191010776,25.43882988510388,1048.2090694252824
2009-04-01,2009-04-30 23:59:59.999,-0.975412604,-0.374258207,643.5,-858,54.648847245762504,22.788966328845504,1046.7034079611098
2009-05-01,2009-05-31 23:59:59.999,-1.257189979,-1.482344487,645.0,-860,54.669897520556624,21.492513910766808,1048.0848784608078
2009-06-01,2009-06-30 23:59:59.999,0.515476586,1.050548235,646.5,-862,55.376118765034352,17.455613144586192,1049.6178873760446
2009-07-01,2009-07-31 23:59:59.999,-0.63017409999999992,-0.8658958,648.0,-864,54.325084260845312,15.69285484123509,1048.9581498402986
2009-08-01,2009-08-31 23:59:59.999,-0.558511601,-1.009971129,649.5,-866,54.715871642750416,17.329176235992474,1051.5887332413402
2009-09-01,2009-09-30 23:59:59.999,-0.661651711,0.352845291,651.0,-868,54.194464612354992,17.75197655266252,1049.961568009951
2009-10-01,2009-10-31 23:59:59.999,-1.314901965,0.31008994499999996,652.5,-870,53.722393366391472,16.219523277567334,1053.9766856040866
2009-11-01,2009-11-30 23:59:59.999,-0.502936928,-0.636157438,654.0,-872,53.91099152840108,15.16884740535731,1048.8237074269036
2009-12-01,2009-12-31 23:59:59.999,-1.143980626,-0.17946831599999998,655.5,-874,53.578474237558184,17.493090506220562,1048.7667011615194
2010-01-01,2010-01-31 23:59:59.999,0.897605332,0.177602715,657.0,-876,54.482872529364944,17.953018590295156,1048.8127339797852
2010-02-01,2010-02-28 23:59:59.999,-0.677157459,-2.560991561,658.5,-878,54.693437328991944,18.319001636302208,1048.4489709772672
2010-03-01,2010-03-31 23:59:59.999,-1.106518539,-0.602699401,660.0,-880,54.650934539402672,19.15209494428818,1050.0809322751746
2010-04-01,2010-04-30 23:59:59.999,-0.380418896,0.82768338,661.5,-882,53.505973934357048,17.329770056273478,1052.9396431620248
2010-05-01,2010-05-31 23:59:59.999,-0.57919692199999992,0.288089268,663.0,-884,53.626503458757,15.698094866164742,1053.9561599150388
2010-06-01,2010-06-30 23:59:59.999,0.371387614,-0.23960979,664.5,-886,54.165001891818504,16.575370002912206,1057.438619599309
2010-07-01,2010-07-31 23:59:59.999,1.308212632,0.248516017,666.0,-888,54.332421801722616,14.236221843193884,1057.1763833017542
2010-08-01,2010-08-31 23:59:59.999,-1.014823283,1.3574845069999998,667.5,-890,55.40721395127564,9.01208462107224,1059.0214166768106
2010-09-01,2010-09-30 23:59:59.999,0.17527099800000002,2.443957783,669.0,-892,55.674996194205104,10.978122112189836,1055.4147433186502
2010-10-01,2010-10-31 23:59:59.999,0.15634668700000002,-1.448543117,670.5,-894,55.360401420750936,11.86656419424228,1059.2094499569302
2010-11-01,2010-11-30 23:59:59.999,-0.93473318,-0.874385933,672.0,-896,57.384418722981576,10.37009150923868,1061.5811332727532
2010-12-01,2010-12-31 23:59:59.999,-0.954573807,-0.56128556,673.5,-898,56.189286917463088,10.85635792461182,1060.9265771594618
2011-01-01,2011-01-31 23:59:59.999,-0.333211574,0.170767862,675.0,-900,56.334389550323936,11.2539540399751,1060.0968470682802
2011-02-01,2011-02-28 23:59:59.999,0.419117896,0.762001946,676.5,-902,53.033260932510664,12.816417478615164,1058.0154839795558
2011-03-01,2011-03-31 23:59:59.999,-0.60068259700000008,-0.773507054,678.0,-904,55.677504825732112,13.306268304688866,1056.9593862000942
2011-04-01,2011-04-30 23:59:59.999,1.903244993,0.036995971,679.5,-906,54.022611883323064,11.382290110497946,1055.7005514704524
2011-05-01,2011-05-31 23:59:59.999,0.74624495,0.705622369,681.0,-908,53.35236414617132,10.146638558903498,1054.4607373370758
2011-06-01,2011-06-30 23:59:59.999,0.587176601,-1.103842351,682.5,-910,55.630392436851264,7.6374553065665088,1052.2912667106656
2011-07-01,2011-07-31 23:59:59.999,-0.749178071,0.453361508,684.0,-912,57.431200095541144,6.511738188743748,1053.1217835872146
2011-08-01,2011-08-31 23:59:59.999,1.462440196,0.182578788,685.5,-914,56.519960687169952,6.8083301387172816,1056.0972546535492
2011-09-01,2011-09-30 23:59:59.999,0.998695668,-0.56155386100000008,687.0,-916,56.55378922961672,8.513875232659432,1050.4373244457434
2011-10-01,2011-10-31 23:59:59.999,0.110882183,0.097729753,688.5,-918,56.738908319716472,10.646739486449704,1054.7559713137212
2011-11-01,2011-11-30 23:59:59.999,-1.104265266,-0.707391337,690.0,-920,55.52581086156488,13.914206042088534,1053.8097246601444
2011-12-01,2011-12-31 23:59:59.999,0.490474577,-0.418949639,691.5,-922,53.496694040928016,11.99131829691762,1052.0309516936094
2012-01-01,2012-01-31 23:59:59.999,-0.592822289,-0.70807800499999992,693.0,-924,53.839884119661248,11.78037086159014,1053.085450573384
2012-02-01,2012-02-29 23:59:59.999,0.234888375,-1.574817361,694.5,-926,54.258943663136384,10.246710527128158,1059.274750789581
2012-03-01,2012-03-31 23:59:59.999,-0.212769464,-0.843083399,696.0,-928,53.16095516768368,8.9891275685146896,1058.9679874052416
2012-04-01,2012-04-30 23:59:59.999,-1.395765139,2.089946065,697.5,-930,54.654657009575856,9.6181412808979808,1060.7105559330128
2012-05-01,2012-05-31 23:59:59.999,0.975412604,0.047944013,699.0,-932,54.829898032596736,6.67856603470328,1059.0361972977384
2012-06-01,2012-06-30 23:59:59.999,-0.359774504,-0.726680582,700.5,-934,55.187939466090768,8.2220209214360768,1063.4582796141918
2012-07-01,2012-07-31 23:59:59.999,0.89007699,0.454294877,702.0,-936,54.699617087793672,7.5458898219872144,1065.775606023012
2012-08-01,2012-08-31 23:59:59.999,0.583000883,-0.26052703100000004,703.5,-938,52.963917780784176,8.3073447253638384,1066.8228615088482
2012-09-01,2012-09-30 23:59:59.999,0.396505584,-0.89657533,705.0,-940,54.306162296919528,6.7995870574537992,1070.9231305606938
2012-10-01,2012-10-31 23:59:59.999,-2.218948794,-0.914326392,706.5,-942,53.72816157806028,8.0187543282131248,1072.0617938674834
2012-11-01,2012-11-30 23:59:59.999,0.197690042,1.729713404,708.0,-944,53.885044699840736,6.9675498849935688,1074.7542226569142
2012-12-01,2012-12-31 23:59:59.999,-1.431499186,-0.481263669,709.5,-946,55.325556452617736,4.546830496867164,1082.6589981500732
2013-01-01,2013-01-31 23:59:59.999,-1.073540261,0.60233333,711.0,-948,56.113268907181872,4.0016598523246768,1082.3125489581748
2013-02-01,2013-02-28 23:59:59.999,-0.373191824,1.187906946,712.5,-950,56.153288012830456,3.6232545001470792,1080.5251494091556
2013-03-01,2013-03-31 23:59:59.999,0.61855416799999992,-0.732070475,714.0,-952,57.512427285414976,6.6113468075624872,1080.4597658285288
2013-04-01,2013-04-30 23:59:59.999,-0.468078269,-0.621613481,715.5,-954,55.962276533124024,4.8238458986231656,1082.2206422356474
2013-05-01,2013-05-31 23:59:59.999,0.223187726,0.846362127,717.0,-956,55.51700715104948,8.2443797112424272,1086.3004400399546
2013-06-01,2013-06-30 23:59:59.999,0.272257239,-1.224643711,718.5,-958,55.07562387796336,10.467632256089284,1083.2859526514292
2013-07-01,2013-07-31 23:59:59.999,0.89041805,-0.10188046,720.0,-960,53.336654631542632,11.09655888456431,1083.3955448901414
2013-08-01,2013-08-31 23:59:59.999,0.52020141099999992,-1.646440069,721.5,-962,55.383914294256168,11.552716418980826,1091.1057488945398
2013-09-01,2013-09-30 23:59:59.999,-1.013800102,-0.083518898,723.0,-964,56.369466781222072,9.3547848869316704,1093.2406917517466
2013-10-01,2013-10-31 23:59:59.999,-1.40289103,1.03030743,724.5,-966,55.643729119773488,8.5196809000937536,1093.6742957733076
2013-11-01,2013-11-30 23:59:59.999,-2.013439371,0.56963358500000008,726.0,-968,56.10441454823712,8.2923234796379328,1092.739816582795
2013-12-01,2013-12-31 23:59:59.999,0.636719051,1.028488441,727.5,-970,54.67607036087016,8.587252447292272,1092.8361828150474
2014-01-01,2014-01-31 23:59:59.999,-0.266545612,-0.15944579,729.0,-972,56.030210473452456,9.6969622821688688,1095.234168052106
2014-02-01,2014-02-28 23:59:59.999,-0.742913926,0.388077979,730.5,-974,56.24809755854164,7.7480520069691248,1093.8794212671086
2014-03-01,2014-03-31 23:59:59.999,-1.006537786,0.67831251699999992,732.0,-976,56.36043746784628,7.7828906010529856,1095.3282029135594
2014-04-01,2014-04-30 23:59:59.999,-1.67748567,0.444476882,733.5,-978,55.357769280621968,6.8573090469024816,1096.324470396785
2014-05-01,2014-05-31 23:59:59.999,1.763100954,-0.26535644800000004,735.0,-980,57.634759459297152,7.1345392099138288,1098.8878618242612
2014-06-01,2014-06-30 23:59:59.999,-1.047365004,0.93473318,736.5,-982,57.504924030083632,11.192504670404456,1100.0263659212842
2014-07-01,2014-07-31 23:59:59.999,-0.635407105,-1.513103598,738.0,-984,58.401808475010928,12.663694532383638,1096.6263191591126
2014-08-01,2014-08-31 23:59:59.999,-2.457854862,-0.634190656,739.5,-986,58.360793249827144,13.858604706944358,1097.0621231791732
2014-09-01,2014-09-30 23:59:59.999,0.429076863,1.274747774,741.0,-988,58.343246406882872,13.522678170176606,1098.266713009218
2014-10-01,2014-10-31 23:59:59.999,-1.926200639,1.04340188,742.5,-990,57.927184445243544,12.300767082311228,1101.3679619124602
2014-11-01,2014-11-30 23:59:59.999,-0.294635356,-0.62068579599999992,744.0,-992,59.023607683725216,12.723256395094952,1099.2804873582474
2014-12-01,2014-12-31 23:59:59.999,-1.132284524,-1.115311079,745.5,-994,56.30390212608664,12.95893086394425,1101.7191327115634
2015-01-01,2015-01-31 23:59:59.999,0.096729309,1.254998097,747.0,-996,56.780050586330568,13.374215673502612,1101.016760049802
2015-02-01,2015-02-28 23:59:59.999,0.264881237,1.633234206,748.5,-998,56.789306730592848,15.355047606297888,1104.892433143653
