dateid01,dateid,date,pe_aus,pe_ind,pe_ndo,pe_saf,pe_usa
1954-02-01,1954-02-28 23:59:59.999,1954-02-26,NA,NA,NA,NA,9.9200
1954-03-01,1954-03-31 23:59:59.999,1954-03-31,NA,NA,NA,NA,10.1700
1954-04-01,1954-04-30 23:59:59.999,1954-04-30,NA,NA,NA,NA,10.5700
1954-05-01,1954-05-31 23:59:59.999,1954-05-31,NA,NA,NA,NA,11.0000
1954-06-01,1954-06-30 23:59:59.999,1954-06-30,NA,NA,NA,NA,11.0800
1954-07-01,1954-07-31 23:59:59.999,1954-07-30,NA,NA,NA,NA,12.1740
1954-08-01,1954-08-31 23:59:59.999,1954-08-31,NA,NA,NA,NA,11.7600
1954-09-01,1954-09-30 23:59:59.999,1954-09-30,NA,NA,NA,NA,11.8000
1954-10-01,1954-10-31 23:59:59.999,1954-10-29,NA,NA,NA,NA,12.2300
1954-11-01,1954-11-30 23:59:59.999,1954-11-30,NA,NA,NA,NA,12.6400
1954-12-01,1954-12-31 23:59:59.999,1954-12-31,NA,NA,NA,NA,12.9400
1955-01-01,1955-01-31 23:59:59.999,1955-01-31,NA,NA,NA,NA,13.1700
1955-02-01,1955-02-28 23:59:59.999,1955-02-28,NA,NA,NA,NA,13.6400
1955-03-01,1955-03-31 23:59:59.999,1955-03-31,NA,NA,NA,NA,13.5300
1955-04-01,1955-04-30 23:59:59.999,1955-04-29,NA,NA,NA,NA,13.8400
1955-05-01,1955-05-31 23:59:59.999,1955-05-31,NA,NA,NA,NA,12.5000
1955-06-01,1955-06-30 23:59:59.999,1955-06-30,NA,NA,NA,NA,12.1700
1955-07-01,1955-07-31 23:59:59.999,1955-07-29,NA,NA,NA,NA,12.8223
1955-08-01,1955-08-31 23:59:59.999,1955-08-31,NA,NA,NA,NA,12.6300
1955-09-01,1955-09-30 23:59:59.999,1955-09-30,NA,NA,NA,NA,12.9800
1955-10-01,1955-10-31 23:59:59.999,1955-10-31,NA,NA,NA,NA,12.2800
1955-11-01,1955-11-30 23:59:59.999,1955-11-30,NA,NA,NA,NA,12.8600
1955-12-01,1955-12-31 23:59:59.999,1955-12-30,NA,NA,NA,NA,12.7100
1956-01-01,1956-01-31 23:59:59.999,1956-01-31,NA,NA,NA,NA,12.4500
1956-02-01,1956-02-29 23:59:59.999,1956-02-29,NA,NA,NA,NA,12.4800
1956-03-01,1956-03-31 23:59:59.999,1956-03-30,NA,NA,NA,NA,13.3497
1956-04-01,1956-04-30 23:59:59.999,1956-04-30,NA,NA,NA,NA,13.5100
1956-05-01,1956-05-31 23:59:59.999,1956-05-31,NA,NA,NA,NA,13.0600
1956-06-01,1956-06-30 23:59:59.999,1956-06-29,NA,NA,NA,NA,13.0600
1956-07-01,1956-07-31 23:59:59.999,1956-07-31,NA,NA,NA,NA,13.7300
1956-08-01,1956-08-31 23:59:59.999,1956-08-31,NA,NA,NA,NA,13.6700
1956-09-01,1956-09-30 23:59:59.999,1956-09-28,NA,NA,NA,NA,13.2400
1956-10-01,1956-10-31 23:59:59.999,1956-10-31,NA,NA,NA,NA,13.0700
1956-11-01,1956-11-30 23:59:59.999,1956-11-30,NA,NA,NA,NA,13.0000
1956-12-01,1956-12-31 23:59:59.999,1956-12-31,NA,NA,NA,NA,13.5700
1957-01-01,1957-01-31 23:59:59.999,1957-01-31,NA,NA,NA,NA,13.2900
1957-02-01,1957-02-28 23:59:59.999,1957-02-28,NA,NA,NA,NA,12.6900
1957-03-01,1957-03-31 23:59:59.999,1957-03-29,NA,NA,NA,NA,13.0000
1957-04-01,1957-04-30 23:59:59.999,1957-04-30,NA,NA,NA,NA,13.3100
1957-05-01,1957-05-31 23:59:59.999,1957-05-31,NA,NA,NA,NA,13.8400
1957-06-01,1957-06-30 23:59:59.999,1957-06-28,NA,NA,NA,NA,14.1400
1957-07-01,1957-07-31 23:59:59.999,1957-07-31,NA,NA,NA,NA,14.4600
1957-08-01,1957-08-31 23:59:59.999,1957-08-30,NA,NA,NA,NA,13.7500
1957-09-01,1957-09-30 23:59:59.999,1957-09-30,NA,NA,NA,NA,13.2900
1957-10-01,1957-10-31 23:59:59.999,1957-10-31,NA,NA,NA,NA,12.3900
1957-11-01,1957-11-30 23:59:59.999,1957-11-29,NA,NA,NA,NA,11.8100
1957-12-01,1957-12-31 23:59:59.999,1957-12-31,NA,NA,NA,NA,11.7800
1958-01-01,1958-01-31 23:59:59.999,1958-01-31,NA,NA,NA,NA,12.0700
1958-02-01,1958-02-28 23:59:59.999,1958-02-28,NA,NA,NA,NA,12.2400
1958-03-01,1958-03-31 23:59:59.999,1958-03-31,NA,NA,NA,NA,12.5800
1958-04-01,1958-04-30 23:59:59.999,1958-04-30,NA,NA,NA,NA,12.7400
1958-05-01,1958-05-31 23:59:59.999,1958-05-30,NA,NA,NA,NA,13.7756
1958-06-01,1958-06-30 23:59:59.999,1958-06-30,NA,NA,NA,NA,14.4600
1958-07-01,1958-07-31 23:59:59.999,1958-07-31,NA,NA,NA,NA,14.8400
1958-08-01,1958-08-31 23:59:59.999,1958-08-29,NA,NA,NA,NA,15.9800
1958-09-01,1958-09-30 23:59:59.999,1958-09-30,NA,NA,NA,NA,16.9800
1958-10-01,1958-10-31 23:59:59.999,1958-10-31,NA,NA,NA,NA,17.6300
1958-11-01,1958-11-30 23:59:59.999,1958-11-28,NA,NA,NA,NA,18.3400
1958-12-01,1958-12-31 23:59:59.999,1958-12-31,NA,NA,NA,NA,19.1000
1959-01-01,1959-01-31 23:59:59.999,1959-01-30,NA,NA,NA,NA,19.6500
1959-02-01,1959-02-28 23:59:59.999,1959-02-27,NA,NA,NA,NA,19.4300
1959-03-01,1959-03-31 23:59:59.999,1959-03-31,NA,NA,NA,NA,19.9500
1959-04-01,1959-04-30 23:59:59.999,1959-04-30,NA,NA,NA,NA,20.1000
1959-05-01,1959-05-31 23:59:59.999,1959-05-29,NA,NA,NA,NA,20.0900
1959-06-01,1959-06-30 23:59:59.999,1959-06-30,NA,NA,NA,NA,18.9700
1959-07-01,1959-07-31 23:59:59.999,1959-07-31,NA,NA,NA,NA,19.7200
1959-08-01,1959-08-31 23:59:59.999,1959-08-31,NA,NA,NA,NA,19.0900
1959-09-01,1959-09-30 23:59:59.999,1959-09-30,NA,NA,NA,NA,17.1000
1959-10-01,1959-10-31 23:59:59.999,1959-10-30,NA,NA,NA,NA,17.0400
1959-11-01,1959-11-30 23:59:59.999,1959-11-30,NA,NA,NA,NA,17.1500
1959-12-01,1959-12-31 23:59:59.999,1959-12-31,NA,NA,NA,NA,17.6300
1960-01-01,1960-01-31 23:59:59.999,1960-01-29,NA,NA,NA,NA,17.3200
1960-02-01,1960-02-29 23:59:59.999,1960-02-29,NA,NA,NA,NA,16.6100
1960-03-01,1960-03-31 23:59:59.999,1960-03-31,NA,NA,NA,NA,16.4800
1960-04-01,1960-04-30 23:59:59.999,1960-04-29,NA,NA,NA,NA,16.6700
1960-05-01,1960-05-31 23:59:59.999,1960-05-31,NA,NA,NA,NA,15.9800
1960-06-01,1960-06-30 23:59:59.999,1960-06-30,NA,NA,NA,NA,16.0400
1960-07-01,1960-07-31 23:59:59.999,1960-07-29,NA,NA,NA,NA,15.6500
1960-08-01,1960-08-31 23:59:59.999,1960-08-31,NA,NA,NA,NA,16.4500
1960-09-01,1960-09-30 23:59:59.999,1960-09-30,NA,NA,NA,NA,16.3400
1960-10-01,1960-10-31 23:59:59.999,1960-10-31,NA,NA,NA,NA,16.1100
1960-11-01,1960-11-30 23:59:59.999,1960-11-30,NA,NA,NA,NA,17.2600
1960-12-01,1960-12-31 23:59:59.999,1960-12-30,NA,NA,NA,NA,18.7100
1961-01-01,1961-01-31 23:59:59.999,1961-01-31,NA,NA,NA,NA,19.2500
1961-02-01,1961-02-28 23:59:59.999,1961-02-28,NA,NA,NA,NA,19.4100
1961-03-01,1961-03-31 23:59:59.999,1961-03-31,NA,NA,NA,NA,19.9771
1961-04-01,1961-04-30 23:59:59.999,1961-04-28,NA,NA,NA,NA,20.8200
1961-05-01,1961-05-31 23:59:59.999,1961-05-31,NA,NA,NA,NA,21.0600
1961-06-01,1961-06-30 23:59:59.999,1961-06-30,NA,NA,NA,NA,21.3200
1961-07-01,1961-07-31 23:59:59.999,1961-07-31,NA,NA,NA,NA,21.4400
1961-08-01,1961-08-31 23:59:59.999,1961-08-31,NA,NA,NA,NA,22.1800
1961-09-01,1961-09-30 23:59:59.999,1961-09-29,NA,NA,NA,NA,21.1500
1961-10-01,1961-10-31 23:59:59.999,1961-10-31,NA,NA,NA,NA,21.3100
1961-11-01,1961-11-30 23:59:59.999,1961-11-30,NA,NA,NA,NA,21.9900
1961-12-01,1961-12-31 23:59:59.999,1961-12-29,NA,NA,NA,NA,21.2500
1962-01-01,1962-01-31 23:59:59.999,1962-01-31,NA,NA,NA,NA,20.4500
1962-02-01,1962-02-28 23:59:59.999,1962-02-28,NA,NA,NA,NA,20.7900
1962-03-01,1962-03-31 23:59:59.999,1962-03-30,NA,NA,NA,NA,20.6600
1962-04-01,1962-04-30 23:59:59.999,1962-04-30,NA,NA,NA,NA,19.6600
1962-05-01,1962-05-31 23:59:59.999,1962-05-31,NA,NA,NA,NA,17.5400
1962-06-01,1962-06-30 23:59:59.999,1962-06-29,NA,NA,NA,NA,14.6700
1962-07-01,1962-07-31 23:59:59.999,1962-07-31,NA,NA,NA,NA,15.0500
1962-08-01,1962-08-31 23:59:59.999,1962-08-31,NA,NA,NA,NA,15.9000
1962-09-01,1962-09-30 23:59:59.999,1962-09-28,NA,NA,NA,NA,16.0300
1962-10-01,1962-10-31 23:59:59.999,1962-10-31,NA,NA,NA,NA,15.5800
1962-11-01,1962-11-30 23:59:59.999,1962-11-30,NA,NA,NA,NA,16.6300
1962-12-01,1962-12-31 23:59:59.999,1962-12-31,NA,NA,NA,NA,17.2000
1963-01-01,1963-01-31 23:59:59.999,1963-01-31,NA,NA,NA,NA,17.7200
1963-02-01,1963-02-28 23:59:59.999,1963-02-28,NA,NA,NA,NA,18.0400
1963-03-01,1963-03-31 23:59:59.999,1963-03-29,NA,NA,NA,NA,17.3500
1963-04-01,1963-04-30 23:59:59.999,1963-04-30,NA,NA,NA,NA,17.3600
1963-05-01,1963-05-31 23:59:59.999,1963-05-31,NA,NA,NA,NA,17.7700
1963-06-01,1963-06-30 23:59:59.999,1963-06-28,NA,NA,NA,NA,17.7500
1963-07-01,1963-07-31 23:59:59.999,1963-07-31,NA,NA,NA,NA,17.5300
1963-08-01,1963-08-31 23:59:59.999,1963-08-30,NA,NA,NA,NA,17.5700
1963-09-01,1963-09-30 23:59:59.999,1963-09-30,NA,NA,NA,NA,17.8600
1963-10-01,1963-10-31 23:59:59.999,1963-10-31,NA,NA,NA,NA,17.8400
1963-11-01,1963-11-30 23:59:59.999,1963-11-29,NA,NA,NA,NA,17.7800
1963-12-01,1963-12-31 23:59:59.999,1963-12-31,NA,NA,NA,NA,18.1600
1964-01-01,1964-01-31 23:59:59.999,1964-01-31,NA,NA,NA,NA,18.7200
1964-02-01,1964-02-29 23:59:59.999,1964-02-28,NA,NA,NA,NA,18.9400
1964-03-01,1964-03-31 23:59:59.999,1964-03-31,NA,NA,NA,NA,19.3900
1964-04-01,1964-04-30 23:59:59.999,1964-04-30,NA,NA,NA,NA,19.6200
1964-05-01,1964-05-31 23:59:59.999,1964-05-29,NA,NA,NA,NA,19.3814
1964-06-01,1964-06-30 23:59:59.999,1964-06-30,NA,NA,NA,NA,18.7400
1964-07-01,1964-07-31 23:59:59.999,1964-07-31,NA,NA,NA,NA,19.4000
1964-08-01,1964-08-31 23:59:59.999,1964-08-31,NA,NA,NA,NA,18.3600
1964-09-01,1964-09-30 23:59:59.999,1964-09-30,NA,NA,NA,NA,18.4000
1964-10-01,1964-10-31 23:59:59.999,1964-10-30,NA,NA,NA,NA,18.6200
1964-11-01,1964-11-30 23:59:59.999,1964-11-30,NA,NA,NA,NA,18.2900
1964-12-01,1964-12-31 23:59:59.999,1964-12-31,NA,NA,NA,NA,17.8000
1965-01-01,1965-01-31 23:59:59.999,1965-01-29,NA,NA,NA,NA,18.2900
1965-02-01,1965-02-28 23:59:59.999,1965-02-26,NA,NA,NA,NA,18.4200
1965-03-01,1965-03-31 23:59:59.999,1965-03-31,NA,NA,NA,NA,18.7300
1965-04-01,1965-04-30 23:59:59.999,1965-04-30,NA,NA,NA,NA,19.4200
1965-05-01,1965-05-31 23:59:59.999,1965-05-31,NA,NA,NA,NA,19.0454
1965-06-01,1965-06-30 23:59:59.999,1965-06-30,NA,NA,NA,NA,17.3900
1965-07-01,1965-07-31 23:59:59.999,1965-07-30,NA,NA,NA,NA,17.2800
1965-08-01,1965-08-31 23:59:59.999,1965-08-31,NA,NA,NA,NA,16.9200
1965-09-01,1965-09-30 23:59:59.999,1965-09-30,NA,NA,NA,NA,17.0700
1965-10-01,1965-10-31 23:59:59.999,1965-10-29,NA,NA,NA,NA,17.3400
1965-11-01,1965-11-30 23:59:59.999,1965-11-30,NA,NA,NA,NA,17.5100
1965-12-01,1965-12-31 23:59:59.999,1965-12-31,NA,NA,NA,NA,17.4500
1966-01-01,1966-01-31 23:59:59.999,1966-01-31,NA,NA,NA,NA,17.7500
1966-02-01,1966-02-28 23:59:59.999,1966-02-28,NA,NA,NA,NA,17.6400
1966-03-01,1966-03-31 23:59:59.999,1966-03-31,NA,NA,NA,NA,16.9500
1966-04-01,1966-04-30 23:59:59.999,1966-04-29,NA,NA,NA,NA,17.5300
1966-05-01,1966-05-31 23:59:59.999,1966-05-31,NA,NA,NA,NA,16.1292
1966-06-01,1966-06-30 23:59:59.999,1966-06-30,NA,NA,NA,NA,16.0800
1966-07-01,1966-07-31 23:59:59.999,1966-07-29,NA,NA,NA,NA,15.7000
1966-08-01,1966-08-31 23:59:59.999,1966-08-31,NA,NA,NA,NA,14.2900
1966-09-01,1966-09-30 23:59:59.999,1966-09-30,NA,NA,NA,NA,13.4600
1966-10-01,1966-10-31 23:59:59.999,1966-10-31,NA,NA,NA,NA,13.4300
1966-11-01,1966-11-30 23:59:59.999,1966-11-30,NA,NA,NA,NA,14.3700
1966-12-01,1966-12-31 23:59:59.999,1966-12-30,NA,NA,NA,NA,14.8400
1967-01-01,1967-01-31 23:59:59.999,1967-01-31,NA,NA,NA,NA,15.2600
1967-02-01,1967-02-28 23:59:59.999,1967-02-28,NA,NA,NA,NA,15.8900
1967-03-01,1967-03-31 23:59:59.999,1967-03-31,NA,NA,NA,NA,16.3000
1967-04-01,1967-04-30 23:59:59.999,1967-04-28,NA,NA,NA,NA,16.6800
1967-05-01,1967-05-31 23:59:59.999,1967-05-31,NA,NA,NA,NA,17.5600
1967-06-01,1967-06-30 23:59:59.999,1967-06-30,NA,NA,NA,NA,18.1600
1967-07-01,1967-07-31 23:59:59.999,1967-07-31,NA,NA,NA,NA,18.3900
1967-08-01,1967-08-31 23:59:59.999,1967-08-31,NA,NA,NA,NA,18.2000
1967-09-01,1967-09-30 23:59:59.999,1967-09-29,NA,NA,NA,NA,17.9800
1967-10-01,1967-10-31 23:59:59.999,1967-10-31,NA,NA,NA,NA,17.9400
1967-11-01,1967-11-30 23:59:59.999,1967-11-30,NA,NA,NA,NA,17.4000
1967-12-01,1967-12-31 23:59:59.999,1967-12-29,NA,NA,NA,NA,17.6700
1968-01-01,1968-01-31 23:59:59.999,1968-01-31,NA,NA,NA,NA,17.4300
1968-02-01,1968-02-29 23:59:59.999,1968-02-29,NA,NA,NA,NA,16.6700
1968-03-01,1968-03-31 23:59:59.999,1968-03-29,NA,NA,NA,NA,16.2100
1968-04-01,1968-04-30 23:59:59.999,1968-04-30,NA,NA,NA,NA,17.2900
1968-05-01,1968-05-31 23:59:59.999,1968-05-31,NA,NA,NA,NA,17.7400
1968-06-01,1968-06-30 23:59:59.999,1968-06-28,NA,NA,NA,NA,18.2600
1968-07-01,1968-07-31 23:59:59.999,1968-07-31,NA,NA,NA,NA,17.5493
1968-08-01,1968-08-31 23:59:59.999,1968-08-30,NA,NA,NA,NA,17.3100
1968-09-01,1968-09-30 23:59:59.999,1968-09-30,NA,NA,NA,NA,17.4400
1968-10-01,1968-10-31 23:59:59.999,1968-10-31,NA,NA,NA,NA,17.9200
1968-11-01,1968-11-30 23:59:59.999,1968-11-29,NA,NA,NA,NA,17.9700
1968-12-01,1968-12-31 23:59:59.999,1968-12-31,NA,NA,NA,NA,18.1400
1969-01-01,1969-01-31 23:59:59.999,1969-01-31,NA,NA,NA,NA,17.4500
1969-02-01,1969-02-28 23:59:59.999,1969-02-28,NA,NA,NA,NA,17.4100
1969-03-01,1969-03-31 23:59:59.999,1969-03-31,NA,NA,NA,NA,17.2114
1969-04-01,1969-04-30 23:59:59.999,1969-04-30,NA,NA,NA,NA,16.9500
1969-05-01,1969-05-31 23:59:59.999,1969-05-30,NA,NA,NA,NA,17.2726
1969-06-01,1969-06-30 23:59:59.999,1969-06-30,NA,NA,NA,NA,17.1100
1969-07-01,1969-07-31 23:59:59.999,1969-07-31,NA,NA,NA,NA,16.5100
1969-08-01,1969-08-31 23:59:59.999,1969-08-29,NA,NA,NA,NA,16.4100
1969-09-01,1969-09-30 23:59:59.999,1969-09-30,NA,NA,NA,NA,16.3600
1969-10-01,1969-10-31 23:59:59.999,1969-10-31,NA,NA,NA,NA,16.1500
1969-11-01,1969-11-30 23:59:59.999,1969-11-28,NA,NA,NA,NA,16.1800
1969-12-01,1969-12-31 23:59:59.999,1969-12-31,NA,NA,NA,NA,15.0800
1970-01-01,1970-01-31 23:59:59.999,1970-01-30,NA,NA,NA,NA,14.9300
1970-02-01,1970-02-28 23:59:59.999,1970-02-27,NA,NA,NA,NA,14.4900
1970-03-01,1970-03-31 23:59:59.999,1970-03-31,NA,NA,NA,NA,15.4300
1970-04-01,1970-04-30 23:59:59.999,1970-04-30,NA,NA,NA,NA,15.5300
1970-05-01,1970-05-31 23:59:59.999,1970-05-29,NA,NA,NA,NA,13.5800
1970-06-01,1970-06-30 23:59:59.999,1970-06-30,NA,NA,NA,NA,14.1800
1970-07-01,1970-07-31 23:59:59.999,1970-07-31,NA,NA,NA,NA,14.5300
1970-08-01,1970-08-31 23:59:59.999,1970-08-31,NA,NA,NA,NA,15.0000
1970-09-01,1970-09-30 23:59:59.999,1970-09-30,NA,NA,NA,NA,15.4400
1970-10-01,1970-10-31 23:59:59.999,1970-10-30,NA,NA,NA,NA,15.4800
1970-11-01,1970-11-30 23:59:59.999,1970-11-30,NA,NA,NA,NA,15.4400
1970-12-01,1970-12-31 23:59:59.999,1970-12-31,NA,NA,NA,NA,16.7100
1971-01-01,1971-01-31 23:59:59.999,1971-01-29,NA,NA,NA,NA,17.4300
1971-02-01,1971-02-28 23:59:59.999,1971-02-26,NA,NA,NA,NA,18.1400
1971-03-01,1971-03-31 23:59:59.999,1971-03-31,NA,NA,NA,NA,18.7300
1971-04-01,1971-04-30 23:59:59.999,1971-04-30,NA,NA,NA,NA,20.1500
1971-05-01,1971-05-31 23:59:59.999,1971-05-31,NA,NA,NA,NA,19.3275
1971-06-01,1971-06-30 23:59:59.999,1971-06-30,NA,NA,NA,NA,19.2900
1971-07-01,1971-07-31 23:59:59.999,1971-07-30,NA,NA,NA,NA,18.9500
1971-08-01,1971-08-31 23:59:59.999,1971-08-31,NA,NA,NA,NA,18.5600
1971-09-01,1971-09-30 23:59:59.999,1971-09-30,NA,NA,NA,NA,18.7100
1971-10-01,1971-10-31 23:59:59.999,1971-10-29,NA,NA,NA,NA,18.2400
1971-11-01,1971-11-30 23:59:59.999,1971-11-30,NA,NA,NA,NA,17.4600
1971-12-01,1971-12-31 23:59:59.999,1971-12-31,NA,NA,NA,NA,18.3100
1972-01-01,1972-01-31 23:59:59.999,1972-01-31,NA,NA,NA,NA,19.0300
1972-02-01,1972-02-29 23:59:59.999,1972-02-29,NA,NA,NA,NA,19.4000
1972-03-01,1972-03-31 23:59:59.999,1972-03-31,NA,NA,NA,NA,19.1517
1972-04-01,1972-04-30 23:59:59.999,1972-04-28,NA,NA,NA,NA,19.0800
1972-05-01,1972-05-31 23:59:59.999,1972-05-31,NA,NA,NA,NA,18.6600
1972-06-01,1972-06-30 23:59:59.999,1972-06-30,NA,NA,NA,NA,18.5800
1972-07-01,1972-07-31 23:59:59.999,1972-07-31,NA,NA,NA,NA,18.4500
1972-08-01,1972-08-31 23:59:59.999,1972-08-31,NA,NA,NA,NA,19.0900
1972-09-01,1972-09-30 23:59:59.999,1972-09-29,NA,NA,NA,NA,18.4600
1972-10-01,1972-10-31 23:59:59.999,1972-10-31,NA,NA,NA,NA,18.3600
1972-11-01,1972-11-30 23:59:59.999,1972-11-30,NA,NA,NA,NA,19.2300
1972-12-01,1972-12-31 23:59:59.999,1972-12-29,NA,NA,NA,NA,19.1100
1973-01-01,1973-01-31 23:59:59.999,1973-01-31,NA,NA,NA,NA,19.2300
1973-02-01,1973-02-28 23:59:59.999,1973-02-28,NA,NA,NA,NA,18.5300
1973-03-01,1973-03-31 23:59:59.999,1973-03-30,NA,NA,NA,NA,17.5000
1973-04-01,1973-04-30 23:59:59.999,1973-04-30,NA,NA,NA,NA,17.1100
1973-05-01,1973-05-31 23:59:59.999,1973-05-31,NA,NA,NA,NA,16.4400
1973-06-01,1973-06-30 23:59:59.999,1973-06-29,NA,NA,NA,NA,15.4200
1973-07-01,1973-07-31 23:59:59.999,1973-07-31,NA,NA,NA,NA,15.5300
1973-08-01,1973-08-31 23:59:59.999,1973-08-31,NA,NA,NA,NA,15.1100
1973-09-01,1973-09-30 23:59:59.999,1973-09-28,NA,NA,NA,NA,14.5800
1973-10-01,1973-10-31 23:59:59.999,1973-10-31,NA,NA,NA,NA,15.1000
1973-11-01,1973-11-30 23:59:59.999,1973-11-30,NA,NA,NA,NA,13.4600
1973-12-01,1973-12-31 23:59:59.999,1973-12-31,NA,NA,NA,NA,12.2500
1974-01-01,1974-01-31 23:59:59.999,1974-01-31,NA,NA,NA,NA,12.5100
1974-02-01,1974-02-28 23:59:59.999,1974-02-28,NA,NA,NA,NA,12.1600
1974-03-01,1974-03-31 23:59:59.999,1974-03-29,NA,NA,NA,NA,12.0800
1974-04-01,1974-04-30 23:59:59.999,1974-04-30,NA,NA,NA,NA,11.4000
1974-05-01,1974-05-31 23:59:59.999,1974-05-31,NA,NA,NA,NA,10.9900
1974-06-01,1974-06-30 23:59:59.999,1974-06-28,NA,NA,NA,NA,10.6700
1974-07-01,1974-07-31 23:59:59.999,1974-07-31,NA,NA,NA,NA,9.8600
1974-08-01,1974-08-31 23:59:59.999,1974-08-30,NA,NA,NA,NA,8.7000
1974-09-01,1974-09-30 23:59:59.999,1974-09-30,NA,NA,NA,NA,7.6900
1974-10-01,1974-10-31 23:59:59.999,1974-10-31,NA,NA,NA,NA,7.9200
1974-11-01,1974-11-30 23:59:59.999,1974-11-29,NA,NA,NA,NA,8.0700
1974-12-01,1974-12-31 23:59:59.999,1974-12-31,NA,NA,NA,NA,7.3300
1975-01-01,1975-01-31 23:59:59.999,1975-01-31,NA,NA,NA,NA,7.9900
1975-02-01,1975-02-28 23:59:59.999,1975-02-28,NA,NA,NA,NA,8.7200
1975-03-01,1975-03-31 23:59:59.999,1975-03-31,NA,NA,NA,NA,9.8200
1975-04-01,1975-04-30 23:59:59.999,1975-04-30,NA,NA,NA,NA,9.3600
1975-05-01,1975-05-31 23:59:59.999,1975-05-30,NA,NA,NA,NA,10.1400
1975-06-01,1975-06-30 23:59:59.999,1975-06-30,NA,NA,NA,NA,10.8400
1975-07-01,1975-07-31 23:59:59.999,1975-07-31,NA,NA,NA,NA,10.9400
1975-08-01,1975-08-31 23:59:59.999,1975-08-29,NA,NA,NA,NA,10.0800
1975-09-01,1975-09-30 23:59:59.999,1975-09-30,NA,NA,NA,NA,10.7400
1975-10-01,1975-10-31 23:59:59.999,1975-10-31,NA,NA,NA,NA,11.1900
1975-11-01,1975-11-30 23:59:59.999,1975-11-28,NA,NA,NA,NA,11.4700
1975-12-01,1975-12-31 23:59:59.999,1975-12-31,NA,NA,NA,NA,11.7000
1976-01-01,1976-01-31 23:59:59.999,1976-01-30,NA,NA,NA,NA,12.6800
1976-02-01,1976-02-29 23:59:59.999,1976-02-27,NA,NA,NA,NA,13.2100
1976-03-01,1976-03-31 23:59:59.999,1976-03-31,NA,NA,NA,NA,13.1200
1976-04-01,1976-04-30 23:59:59.999,1976-04-30,NA,NA,NA,NA,13.1300
1976-05-01,1976-05-31 23:59:59.999,1976-05-31,NA,NA,NA,NA,12.2897
1976-06-01,1976-06-30 23:59:59.999,1976-06-30,NA,NA,NA,NA,12.2400
1976-07-01,1976-07-31 23:59:59.999,1976-07-30,NA,NA,NA,NA,12.1414
1976-08-01,1976-08-31 23:59:59.999,1976-08-31,NA,NA,NA,NA,12.2300
1976-09-01,1976-09-30 23:59:59.999,1976-09-30,NA,NA,NA,NA,11.5000
1976-10-01,1976-10-31 23:59:59.999,1976-10-29,NA,NA,NA,NA,11.1500
1976-11-01,1976-11-30 23:59:59.999,1976-11-30,NA,NA,NA,NA,11.0200
1976-12-01,1976-12-31 23:59:59.999,1976-12-31,NA,NA,NA,NA,11.0200
1977-01-01,1977-01-31 23:59:59.999,1977-01-31,NA,NA,NA,NA,10.9300
1977-02-01,1977-02-28 23:59:59.999,1977-02-28,NA,NA,NA,NA,10.6200
1977-03-01,1977-03-31 23:59:59.999,1977-03-31,NA,NA,NA,NA,10.2100
1977-04-01,1977-04-30 23:59:59.999,1977-04-29,NA,NA,NA,NA,10.0100
1977-05-01,1977-05-31 23:59:59.999,1977-05-31,NA,NA,NA,NA,9.9900
1977-06-01,1977-06-30 23:59:59.999,1977-06-30,NA,NA,NA,NA,9.8600
1977-07-01,1977-07-31 23:59:59.999,1977-07-29,NA,NA,NA,NA,9.9200
1977-08-01,1977-08-31 23:59:59.999,1977-08-31,NA,NA,NA,NA,9.7200
1977-09-01,1977-09-30 23:59:59.999,1977-09-30,NA,NA,NA,NA,9.2400
1977-10-01,1977-10-31 23:59:59.999,1977-10-31,NA,NA,NA,NA,8.9800
1977-11-01,1977-11-30 23:59:59.999,1977-11-30,NA,NA,NA,NA,9.0400
1977-12-01,1977-12-31 23:59:59.999,1977-12-30,NA,NA,NA,NA,8.7500
1978-01-01,1978-01-31 23:59:59.999,1978-01-31,NA,NA,NA,NA,8.4800
1978-02-01,1978-02-28 23:59:59.999,1978-02-28,NA,NA,NA,NA,8.3400
1978-03-01,1978-03-31 23:59:59.999,1978-03-31,NA,NA,NA,NA,8.1800
1978-04-01,1978-04-30 23:59:59.999,1978-04-28,NA,NA,NA,NA,8.5000
1978-05-01,1978-05-31 23:59:59.999,1978-05-31,NA,NA,NA,NA,8.9300
1978-06-01,1978-06-30 23:59:59.999,1978-06-30,NA,NA,NA,NA,8.9000
1978-07-01,1978-07-31 23:59:59.999,1978-07-31,NA,NA,NA,NA,8.8300
1978-08-01,1978-08-31 23:59:59.999,1978-08-31,NA,NA,NA,NA,9.5100
1978-09-01,1978-09-30 23:59:59.999,1978-09-29,NA,NA,NA,NA,9.2800
1978-10-01,1978-10-31 23:59:59.999,1978-10-31,NA,NA,NA,NA,9.0200
1978-11-01,1978-11-30 23:59:59.999,1978-11-30,NA,NA,NA,NA,8.4100
1978-12-01,1978-12-31 23:59:59.999,1978-12-29,NA,NA,NA,NA,8.2600
1979-01-01,1979-01-31 23:59:59.999,1979-01-31,NA,NA,NA,NA,8.5400
1979-02-01,1979-02-28 23:59:59.999,1979-02-28,NA,NA,NA,NA,8.4400
1979-03-01,1979-03-31 23:59:59.999,1979-03-30,NA,NA,NA,NA,8.2600
1979-04-01,1979-04-30 23:59:59.999,1979-04-30,NA,NA,NA,NA,8.2900
1979-05-01,1979-05-31 23:59:59.999,1979-05-31,NA,NA,NA,NA,8.0800
1979-06-01,1979-06-30 23:59:59.999,1979-06-29,NA,NA,NA,NA,7.6700
1979-07-01,1979-07-31 23:59:59.999,1979-07-31,NA,NA,NA,NA,7.7100
1979-08-01,1979-08-31 23:59:59.999,1979-08-31,NA,NA,NA,NA,8.0600
1979-09-01,1979-09-30 23:59:59.999,1979-09-28,NA,NA,NA,NA,7.7600
1979-10-01,1979-10-31 23:59:59.999,1979-10-31,NA,NA,NA,NA,7.4400
1979-11-01,1979-11-30 23:59:59.999,1979-11-30,NA,NA,NA,NA,7.4000
1979-12-01,1979-12-31 23:59:59.999,1979-12-31,NA,NA,NA,NA,7.4200
1980-01-01,1980-01-31 23:59:59.999,1980-01-31,NA,NA,NA,NA,7.6600
1980-02-01,1980-02-29 23:59:59.999,1980-02-29,NA,NA,NA,NA,7.9100
1980-03-01,1980-03-31 23:59:59.999,1980-03-31,NA,NA,NA,NA,7.1500
1980-04-01,1980-04-30 23:59:59.999,1980-04-30,NA,NA,NA,NA,6.9600
1980-05-01,1980-05-31 23:59:59.999,1980-05-30,NA,NA,NA,NA,7.3000
1980-06-01,1980-06-30 23:59:59.999,1980-06-30,NA,NA,NA,NA,7.5300
1980-07-01,1980-07-31 23:59:59.999,1980-07-31,NA,NA,NA,NA,7.8100
1980-08-01,1980-08-31 23:59:59.999,1980-08-29,NA,NA,NA,NA,8.0500
1980-09-01,1980-09-30 23:59:59.999,1980-09-30,NA,NA,NA,NA,8.5300
1980-10-01,1980-10-31 23:59:59.999,1980-10-31,NA,NA,NA,NA,8.7300
1980-11-01,1980-11-30 23:59:59.999,1980-11-28,NA,NA,NA,NA,9.1200
1980-12-01,1980-12-31 23:59:59.999,1980-12-31,NA,NA,NA,NA,9.0600
1981-01-01,1981-01-31 23:59:59.999,1981-01-30,NA,NA,NA,NA,9.0300
1981-02-01,1981-02-28 23:59:59.999,1981-02-27,NA,NA,NA,NA,8.7800
1981-03-01,1981-03-31 23:59:59.999,1981-03-31,NA,NA,NA,NA,9.0300
1981-04-01,1981-04-30 23:59:59.999,1981-04-30,NA,NA,NA,NA,9.0900
1981-05-01,1981-05-31 23:59:59.999,1981-05-29,NA,NA,NA,NA,8.8900
1981-06-01,1981-06-30 23:59:59.999,1981-06-30,NA,NA,NA,NA,9.0500
1981-07-01,1981-07-31 23:59:59.999,1981-07-31,NA,NA,NA,NA,8.8400
1981-08-01,1981-08-31 23:59:59.999,1981-08-31,NA,NA,NA,NA,8.9400
1981-09-01,1981-09-30 23:59:59.999,1981-09-30,NA,NA,NA,NA,7.9200
1981-10-01,1981-10-31 23:59:59.999,1981-10-30,NA,NA,NA,NA,7.9600
1981-11-01,1981-11-30 23:59:59.999,1981-11-30,NA,NA,NA,NA,8.1900
1981-12-01,1981-12-31 23:59:59.999,1981-12-31,NA,NA,NA,NA,8.0700
1982-01-01,1982-01-31 23:59:59.999,1982-01-29,NA,NA,NA,NA,7.6000
1982-02-01,1982-02-28 23:59:59.999,1982-02-26,NA,NA,NA,NA,7.5100
1982-03-01,1982-03-31 23:59:59.999,1982-03-31,NA,NA,NA,NA,7.3200
1982-04-01,1982-04-30 23:59:59.999,1982-04-30,NA,NA,NA,NA,7.6300
1982-05-01,1982-05-31 23:59:59.999,1982-05-31,NA,NA,NA,NA,7.3100
1982-06-01,1982-06-30 23:59:59.999,1982-06-30,NA,NA,NA,NA,7.4100
1982-07-01,1982-07-31 23:59:59.999,1982-07-30,NA,NA,NA,NA,7.3900
1982-08-01,1982-08-31 23:59:59.999,1982-08-31,NA,NA,NA,NA,7.3300
1982-09-01,1982-09-30 23:59:59.999,1982-09-30,NA,NA,NA,NA,8.5000
1982-10-01,1982-10-31 23:59:59.999,1982-10-29,NA,NA,NA,NA,9.4200
1982-11-01,1982-11-30 23:59:59.999,1982-11-30,NA,NA,NA,NA,9.8100
1982-12-01,1982-12-31 23:59:59.999,1982-12-31,NA,NA,NA,NA,10.1700
1983-01-01,1983-01-31 23:59:59.999,1983-01-31,NA,NA,NA,NA,10.5500
1983-02-01,1983-02-28 23:59:59.999,1983-02-28,NA,NA,NA,NA,10.7300
1983-03-01,1983-03-31 23:59:59.999,1983-03-31,NA,NA,NA,NA,11.9500
1983-04-01,1983-04-30 23:59:59.999,1983-04-29,NA,NA,NA,NA,12.5200
1983-05-01,1983-05-31 23:59:59.999,1983-05-31,NA,NA,NA,NA,13.0000
1983-06-01,1983-06-30 23:59:59.999,1983-06-30,NA,NA,NA,NA,13.2500
1983-07-01,1983-07-31 23:59:59.999,1983-07-29,NA,NA,NA,NA,13.4500
1983-08-01,1983-08-31 23:59:59.999,1983-08-31,NA,NA,NA,NA,13.0900
1983-09-01,1983-09-30 23:59:59.999,1983-09-30,NA,NA,NA,NA,13.2800
1983-10-01,1983-10-31 23:59:59.999,1983-10-31,NA,NA,NA,NA,13.2700
1983-11-01,1983-11-30 23:59:59.999,1983-11-30,NA,NA,NA,NA,13.1400
1983-12-01,1983-12-31 23:59:59.999,1983-12-30,NA,NA,NA,NA,12.4100
1984-01-01,1984-01-31 23:59:59.999,1984-01-31,NA,NA,NA,NA,12.5800
1984-02-01,1984-02-29 23:59:59.999,1984-02-29,NA,NA,NA,NA,11.8300
1984-03-01,1984-03-31 23:59:59.999,1984-03-30,NA,NA,NA,NA,11.2000
1984-04-01,1984-04-30 23:59:59.999,1984-04-30,NA,NA,NA,NA,11.1800
1984-05-01,1984-05-31 23:59:59.999,1984-05-31,NA,NA,NA,NA,11.1400
1984-06-01,1984-06-30 23:59:59.999,1984-06-29,NA,NA,NA,NA,10.0800
1984-07-01,1984-07-31 23:59:59.999,1984-07-31,NA,NA,NA,NA,9.9200
1984-08-01,1984-08-31 23:59:59.999,1984-08-31,NA,NA,NA,NA,10.6700
1984-09-01,1984-09-30 23:59:59.999,1984-09-28,NA,NA,NA,NA,10.2200
1984-10-01,1984-10-31 23:59:59.999,1984-10-31,NA,NA,NA,NA,10.1400
1984-11-01,1984-11-30 23:59:59.999,1984-11-30,NA,NA,NA,NA,10.2600
1984-12-01,1984-12-31 23:59:59.999,1984-12-31,NA,NA,NA,NA,9.9300
1985-01-01,1985-01-31 23:59:59.999,1985-01-31,NA,NA,NA,NA,10.3600
1985-02-01,1985-02-28 23:59:59.999,1985-02-28,NA,NA,NA,NA,10.9700
1985-03-01,1985-03-31 23:59:59.999,1985-03-29,NA,NA,NA,NA,10.7000
1985-04-01,1985-04-30 23:59:59.999,1985-04-30,NA,NA,NA,NA,10.7900
1985-05-01,1985-05-31 23:59:59.999,1985-05-31,NA,NA,NA,NA,11.0000
1985-06-01,1985-06-30 23:59:59.999,1985-06-28,NA,NA,NA,NA,11.4000
1985-07-01,1985-07-31 23:59:59.999,1985-07-31,NA,NA,NA,NA,11.7300
1985-08-01,1985-08-31 23:59:59.999,1985-08-30,NA,NA,NA,NA,11.4700
1985-09-01,1985-09-30 23:59:59.999,1985-09-30,NA,NA,NA,NA,11.5100
1985-10-01,1985-10-31 23:59:59.999,1985-10-31,NA,NA,NA,NA,11.8100
1985-11-01,1985-11-30 23:59:59.999,1985-11-29,NA,NA,NA,NA,12.7100
1985-12-01,1985-12-31 23:59:59.999,1985-12-31,NA,NA,NA,NA,13.4700
1986-01-01,1986-01-31 23:59:59.999,1986-01-31,NA,NA,NA,NA,14.0900
1986-02-01,1986-02-28 23:59:59.999,1986-02-28,NA,NA,NA,NA,14.2700
1986-03-01,1986-03-31 23:59:59.999,1986-03-31,NA,NA,NA,NA,15.3600
1986-04-01,1986-04-30 23:59:59.999,1986-04-30,NA,NA,NA,NA,15.7376
1986-05-01,1986-05-31 23:59:59.999,1986-05-30,NA,NA,NA,NA,16.8600
1986-06-01,1986-06-30 23:59:59.999,1986-06-30,NA,NA,NA,NA,17.1046
1986-07-01,1986-07-31 23:59:59.999,1986-07-31,NA,NA,NA,NA,16.0316
1986-08-01,1986-08-31 23:59:59.999,1986-08-29,NA,NA,NA,NA,17.4700
1986-09-01,1986-09-30 23:59:59.999,1986-09-30,NA,NA,NA,NA,15.9672
1986-10-01,1986-10-31 23:59:59.999,1986-10-31,NA,NA,NA,NA,16.3900
1986-11-01,1986-11-30 23:59:59.999,1986-11-28,NA,NA,NA,NA,16.8900
1986-12-01,1986-12-31 23:59:59.999,1986-12-31,NA,NA,NA,NA,16.3297
1987-01-01,1987-01-31 23:59:59.999,1987-01-30,NA,NA,NA,NA,18.5200
1987-02-01,1987-02-28 23:59:59.999,1987-02-27,NA,NA,NA,NA,19.1000
1987-03-01,1987-03-31 23:59:59.999,1987-03-31,NA,NA,NA,NA,20.1835
1987-04-01,1987-04-30 23:59:59.999,1987-04-30,NA,NA,NA,NA,20.3118
1987-05-01,1987-05-31 23:59:59.999,1987-05-29,NA,NA,NA,NA,19.0300
1987-06-01,1987-06-30 23:59:59.999,1987-06-30,NA,NA,NA,NA,20.0714
1987-07-01,1987-07-31 23:59:59.999,1987-07-31,NA,NA,NA,NA,20.9000
1987-08-01,1987-08-31 23:59:59.999,1987-08-31,NA,NA,NA,NA,23.3857
1987-09-01,1987-09-30 23:59:59.999,1987-09-30,NA,NA,NA,NA,22.3862
1987-10-01,1987-10-31 23:59:59.999,1987-10-30,NA,NA,NA,NA,16.6440
1987-11-01,1987-11-30 23:59:59.999,1987-11-30,NA,NA,NA,NA,14.6992
1987-12-01,1987-12-31 23:59:59.999,1987-12-31,NA,NA,NA,NA,15.6400
1988-01-01,1988-01-31 23:59:59.999,1988-01-29,NA,NA,NA,NA,15.7200
1988-02-01,1988-02-29 23:59:59.999,1988-02-29,NA,NA,NA,NA,15.3267
1988-03-01,1988-03-31 23:59:59.999,1988-03-31,NA,NA,NA,NA,14.7500
1988-04-01,1988-04-30 23:59:59.999,1988-04-29,NA,NA,NA,NA,15.0700
1988-05-01,1988-05-31 23:59:59.999,1988-05-31,NA,NA,NA,NA,14.1104
1988-06-01,1988-06-30 23:59:59.999,1988-06-30,NA,NA,NA,NA,14.7949
1988-07-01,1988-07-31 23:59:59.999,1988-07-29,NA,NA,NA,NA,14.1200
1988-08-01,1988-08-31 23:59:59.999,1988-08-31,NA,NA,NA,NA,14.1496
1988-09-01,1988-09-30 23:59:59.999,1988-09-30,NA,NA,NA,NA,12.4200
1988-10-01,1988-10-31 23:59:59.999,1988-10-31,NA,NA,NA,NA,13.0005
1988-11-01,1988-11-30 23:59:59.999,1988-11-30,NA,NA,NA,NA,12.1062
1988-12-01,1988-12-31 23:59:59.999,1988-12-30,NA,NA,NA,NA,12.1900
1989-01-01,1989-01-31 23:59:59.999,1989-01-31,NA,NA,NA,NA,12.8780
1989-02-01,1989-02-28 23:59:59.999,1989-02-28,NA,NA,NA,NA,12.8771
1989-03-01,1989-03-31 23:59:59.999,1989-03-31,NA,NA,NA,NA,12.3000
1989-04-01,1989-04-30 23:59:59.999,1989-04-28,NA,NA,NA,NA,12.9200
1989-05-01,1989-05-31 23:59:59.999,1989-05-31,NA,NA,NA,NA,12.7574
1989-06-01,1989-06-30 23:59:59.999,1989-06-30,NA,NA,NA,NA,13.0700
1989-07-01,1989-07-31 23:59:59.999,1989-07-31,NA,NA,NA,NA,13.6955
1989-08-01,1989-08-31 23:59:59.999,1989-08-31,NA,NA,NA,NA,13.6762
1989-09-01,1989-09-30 23:59:59.999,1989-09-29,NA,NA,NA,NA,13.6800
1989-10-01,1989-10-31 23:59:59.999,1989-10-31,NA,NA,NA,NA,13.7948
1989-11-01,1989-11-30 23:59:59.999,1989-11-30,NA,NA,NA,NA,14.5550
1989-12-01,1989-12-31 23:59:59.999,1989-12-29,NA,NA,NA,NA,14.7100
1990-01-01,1990-01-31 23:59:59.999,1990-01-31,NA,NA,NA,NA,13.7235
1990-02-01,1990-02-28 23:59:59.999,1990-02-28,NA,NA,NA,NA,13.9018
1990-03-01,1990-03-31 23:59:59.999,1990-03-30,NA,NA,NA,NA,14.3241
1990-04-01,1990-04-30 23:59:59.999,1990-04-30,NA,NA,NA,NA,14.0301
1990-05-01,1990-05-31 23:59:59.999,1990-05-31,NA,NA,NA,NA,15.3215
1990-06-01,1990-06-30 23:59:59.999,1990-06-29,NA,NA,NA,NA,15.2157
1990-07-01,1990-07-31 23:59:59.999,1990-07-31,NA,NA,NA,NA,15.2890
1990-08-01,1990-08-31 23:59:59.999,1990-08-31,NA,NA,NA,NA,13.8944
1990-09-01,1990-09-30 23:59:59.999,1990-09-28,NA,NA,NA,NA,13.3006
1990-10-01,1990-10-31 23:59:59.999,1990-10-31,NA,NA,NA,NA,13.8311
1990-11-01,1990-11-30 23:59:59.999,1990-11-30,NA,NA,NA,NA,14.6771
1990-12-01,1990-12-31 23:59:59.999,1990-12-31,NA,NA,NA,NA,15.2794
1991-01-01,1991-01-31 23:59:59.999,1991-01-31,NA,NA,NA,NA,15.6587
1991-02-01,1991-02-28 23:59:59.999,1991-02-28,NA,NA,NA,NA,16.6973
1991-03-01,1991-03-31 23:59:59.999,1991-03-29,NA,NA,NA,NA,17.0575
1991-04-01,1991-04-30 23:59:59.999,1991-04-30,NA,NA,NA,NA,17.4569
1991-05-01,1991-05-31 23:59:59.999,1991-05-31,NA,NA,NA,NA,18.0745
1991-06-01,1991-06-30 23:59:59.999,1991-06-28,NA,NA,NA,NA,17.2637
1991-07-01,1991-07-31 23:59:59.999,1991-07-31,NA,NA,NA,NA,19.5803
1991-08-01,1991-08-31 23:59:59.999,1991-08-30,NA,NA,NA,NA,20.0460
1991-09-01,1991-09-30 23:59:59.999,1991-09-30,NA,NA,NA,NA,21.0334
1991-10-01,1991-10-31 23:59:59.999,1991-10-31,NA,NA,NA,NA,21.4491
1991-11-01,1991-11-30 23:59:59.999,1991-11-29,NA,NA,NA,NA,20.5865
1991-12-01,1991-12-31 23:59:59.999,1991-12-31,NA,NA,NA,NA,26.4013
1992-01-01,1992-01-31 23:59:59.999,1992-01-31,NA,NA,NA,NA,25.9581
1992-02-01,1992-02-29 23:59:59.999,1992-02-28,NA,NA,NA,NA,26.1136
1992-03-01,1992-03-31 23:59:59.999,1992-03-31,NA,NA,NA,NA,25.5034
1992-04-01,1992-04-30 23:59:59.999,1992-04-30,NA,NA,NA,NA,26.0382
1992-05-01,1992-05-31 23:59:59.999,1992-05-29,NA,NA,NA,NA,26.3385
1992-06-01,1992-06-30 23:59:59.999,1992-06-30,NA,NA,NA,NA,25.0801
1992-07-01,1992-07-31 23:59:59.999,1992-07-31,NA,NA,NA,NA,26.1285
1992-08-01,1992-08-31 23:59:59.999,1992-08-31,NA,NA,NA,NA,25.4399
1992-09-01,1992-09-30 23:59:59.999,1992-09-30,NA,NA,NA,NA,24.5723
1992-10-01,1992-10-31 23:59:59.999,1992-10-30,NA,NA,NA,NA,24.8688
1992-11-01,1992-11-30 23:59:59.999,1992-11-30,NA,NA,NA,NA,25.4376
1992-12-01,1992-12-31 23:59:59.999,1992-12-31,NA,NA,NA,NA,24.4823
1993-01-01,1993-01-31 23:59:59.999,1993-01-29,NA,NA,NA,NA,24.5408
1993-02-01,1993-02-28 23:59:59.999,1993-02-26,NA,NA,NA,NA,24.5770
1993-03-01,1993-03-31 23:59:59.999,1993-03-31,NA,NA,NA,NA,23.6595
1993-04-01,1993-04-30 23:59:59.999,1993-04-30,NA,NA,NA,NA,23.1083
1993-05-01,1993-05-31 23:59:59.999,1993-05-31,NA,NA,NA,NA,23.5964
1993-06-01,1993-06-30 23:59:59.999,1993-06-30,NA,NA,NA,NA,24.5458
1993-07-01,1993-07-31 23:59:59.999,1993-07-30,NA,NA,NA,NA,24.0072
1993-08-01,1993-08-31 23:59:59.999,1993-08-31,NA,NA,NA,NA,24.8936
1993-09-01,1993-09-30 23:59:59.999,1993-09-30,NA,NA,NA,NA,23.2627
1993-10-01,1993-10-31 23:59:59.999,1993-10-29,NA,NA,NA,NA,23.8064
1993-11-01,1993-11-30 23:59:59.999,1993-11-30,NA,NA,NA,NA,23.4311
1993-12-01,1993-12-31 23:59:59.999,1993-12-31,NA,NA,NA,NA,22.1790
1994-01-01,1994-01-31 23:59:59.999,1994-01-31,NA,NA,NA,NA,22.8670
1994-02-01,1994-02-28 23:59:59.999,1994-02-28,NA,NA,NA,NA,22.1935
1994-03-01,1994-03-31 23:59:59.999,1994-03-31,NA,NA,NA,NA,20.5604
1994-04-01,1994-04-30 23:59:59.999,1994-04-29,NA,NA,NA,NA,20.8823
1994-05-01,1994-05-31 23:59:59.999,1994-05-31,NA,NA,24.86,NA,21.0180
1994-06-01,1994-06-30 23:59:59.999,1994-06-30,NA,NA,28.15,NA,18.2744
1994-07-01,1994-07-31 23:59:59.999,1994-07-29,NA,NA,25.21,NA,19.1422
1994-08-01,1994-08-31 23:59:59.999,1994-08-31,NA,NA,24.03,NA,19.7079
1994-09-01,1994-09-30 23:59:59.999,1994-09-30,NA,NA,25.53,NA,17.8234
1994-10-01,1994-10-31 23:59:59.999,1994-10-31,NA,NA,24.95,NA,18.0661
1994-11-01,1994-11-30 23:59:59.999,1994-11-30,NA,NA,22.81,NA,17.3482
1994-12-01,1994-12-31 23:59:59.999,1994-12-30,NA,NA,28.67,NA,17.4988
1995-01-01,1995-01-31 23:59:59.999,1995-01-31,NA,NA,29.93,NA,15.7270
1995-02-01,1995-02-28 23:59:59.999,1995-02-28,NA,NA,29.56,NA,16.2903
1995-03-01,1995-03-31 23:59:59.999,1995-03-31,NA,NA,28.96,NA,15.9019
1995-04-01,1995-04-30 23:59:59.999,1995-04-28,NA,NA,22.32,NA,16.2845
1995-05-01,1995-05-31 23:59:59.999,1995-05-31,NA,NA,32.61,NA,16.8272
1995-06-01,1995-06-30 23:59:59.999,1995-06-30,NA,NA,26.52,NA,16.5535
1995-07-01,1995-07-31 23:59:59.999,1995-07-31,NA,NA,15.98,NA,16.7269
1995-08-01,1995-08-31 23:59:59.999,1995-08-31,NA,NA,16.40,NA,16.6584
1995-09-01,1995-09-30 23:59:59.999,1995-09-29,NA,NA,18.41,16.5046,17.3293
1995-10-01,1995-10-31 23:59:59.999,1995-10-31,NA,NA,17.93,16.1451,16.9673
1995-11-01,1995-11-30 23:59:59.999,1995-11-30,NA,NA,20.17,16.8684,17.6146
1995-12-01,1995-12-31 23:59:59.999,1995-12-29,NA,NA,21.91,17.8130,17.8491
1996-01-01,1996-01-31 23:59:59.999,1996-01-31,NA,NA,22.94,17.2268,18.4659
1996-02-01,1996-02-29 23:59:59.999,1996-02-29,NA,NA,22.70,15.7363,18.5615
1996-03-01,1996-03-31 23:59:59.999,1996-03-29,NA,NA,23.19,16.1019,18.7387
1996-04-01,1996-04-30 23:59:59.999,1996-04-30,NA,NA,19.76,19.1090,18.8500
1996-05-01,1996-05-31 23:59:59.999,1996-05-31,NA,NA,15.01,18.3348,19.2184
1996-06-01,1996-06-30 23:59:59.999,1996-06-28,NA,NA,17.35,18.1987,19.2692
1996-07-01,1996-07-31 23:59:59.999,1996-07-31,NA,NA,17.39,16.6350,18.0392
1996-08-01,1996-08-31 23:59:59.999,1996-08-30,NA,NA,20.61,16.9232,18.4109
1996-09-01,1996-09-30 23:59:59.999,1996-09-30,NA,NA,14.87,17.2238,18.8926
1996-10-01,1996-10-31 23:59:59.999,1996-10-31,NA,NA,14.93,17.0815,19.4520
1996-11-01,1996-11-30 23:59:59.999,1996-11-29,NA,NA,15.62,16.7523,20.9172
1996-12-01,1996-12-31 23:59:59.999,1996-12-31,NA,NA,17.45,16.5839,19.0168
1997-01-01,1997-01-31 23:59:59.999,1997-01-30,NA,NA,20.58,16.8878,20.1806
1997-02-01,1997-02-28 23:59:59.999,1997-02-28,NA,NA,20.76,18.0300,20.3992
1997-03-01,1997-03-31 23:59:59.999,1997-03-31,NA,NA,18.72,12.7786,18.9566
1997-04-01,1997-04-30 23:59:59.999,1997-04-30,NA,NA,18.76,13.0078,20.0620
1997-05-01,1997-05-31 23:59:59.999,1997-05-30,NA,NA,21.30,14.1863,21.2022
1997-06-01,1997-06-30 23:59:59.999,1997-06-30,NA,NA,21.78,15.3129,21.6042
1997-07-01,1997-07-31 23:59:59.999,1997-07-31,NA,NA,23.37,15.1726,23.3088
1997-08-01,1997-08-31 23:59:59.999,1997-08-29,NA,NA,15.43,14.9979,21.9149
1997-09-01,1997-09-30 23:59:59.999,1997-09-30,NA,NA,14.53,14.7955,22.6344
1997-10-01,1997-10-31 23:59:59.999,1997-10-31,NA,NA,13.37,13.5555,21.8517
1997-11-01,1997-11-30 23:59:59.999,1997-11-28,NA,NA,10.72,17.0455,22.8196
1997-12-01,1997-12-31 23:59:59.999,1997-12-31,NA,NA,12.10,17.1886,22.3229
1998-01-01,1998-01-31 23:59:59.999,1998-01-30,NA,NA,12.82,18.6710,22.5343
1998-02-01,1998-02-28 23:59:59.999,1998-02-27,NA,NA,13.71,19.8216,24.0844
1998-03-01,1998-03-31 23:59:59.999,1998-03-31,NA,NA,14.00,20.7004,25.1443
1998-04-01,1998-04-30 23:59:59.999,1998-04-30,NA,NA,14.81,22.0875,25.4686
1998-05-01,1998-05-31 23:59:59.999,1998-05-29,NA,NA,15.29,20.2278,25.1226
1998-06-01,1998-06-30 23:59:59.999,1998-06-30,NA,NA,15.25,18.6765,26.1124
1998-07-01,1998-07-31 23:59:59.999,1998-07-31,NA,NA,9.02,19.7543,25.6852
1998-08-01,1998-08-31 23:59:59.999,1998-08-31,NA,NA,2.25,13.5516,21.9884
1998-09-01,1998-09-30 23:59:59.999,1998-09-30,NA,NA,1.96,7.8543,23.3308
1998-10-01,1998-10-31 23:59:59.999,1998-10-30,NA,NA,3.07,9.0038,25.2384
1998-11-01,1998-11-30 23:59:59.999,1998-11-30,NA,NA,3.54,8.8256,26.8296
1998-12-01,1998-12-31 23:59:59.999,1998-12-31,NA,NA,4.56,7.9104,28.3058
1999-01-01,1999-01-31 23:59:59.999,1999-01-29,NA,NA,3.77,8.2778,29.3956
1999-02-01,1999-02-28 23:59:59.999,1999-02-26,NA,NA,2.75,8.3516,28.3680
1999-03-01,1999-03-31 23:59:59.999,1999-03-31,NA,NA,3.13,9.0250,28.6388
1999-04-01,1999-04-30 23:59:59.999,1999-04-30,NA,NA,4.95,10.4801,29.6532
1999-05-01,1999-05-31 23:59:59.999,1999-05-31,NA,NA,4.99,9.4191,28.9610
1999-06-01,1999-06-30 23:59:59.999,1999-06-30,NA,NA,2.05,10.3037,29.9195
1999-07-01,1999-07-31 23:59:59.999,1999-07-30,NA,NA,3.44,9.7309,28.8363
1999-08-01,1999-08-31 23:59:59.999,1999-08-31,NA,NA,3.86,9.6349,28.5586
1999-09-01,1999-09-30 23:59:59.999,1999-09-30,NA,NA,5.72,14.6219,26.9864
1999-10-01,1999-10-31 23:59:59.999,1999-10-29,NA,NA,8.08,16.3519,28.4397
1999-11-01,1999-11-30 23:59:59.999,1999-11-30,NA,NA,7.47,17.3643,28.8670
1999-12-01,1999-12-31 23:59:59.999,1999-12-31,NA,NA,9.91,19.4356,29.2977
2000-01-01,2000-01-31 23:59:59.999,2000-01-31,NA,16.4949,9.32,16.4636,27.8434
2000-02-01,2000-02-29 23:59:59.999,2000-02-29,NA,17.2608,9.09,15.3245,27.2745
2000-03-01,2000-03-31 23:59:59.999,2000-03-31,NA,14.4154,9.64,15.0529,28.9058
2000-04-01,2000-04-30 23:59:59.999,2000-04-28,22.0339,13.4247,9.80,13.5211,28.1599
2000-05-01,2000-05-31 23:59:59.999,2000-05-31,22.4678,12.7792,9.49,13.5375,27.3165
2000-06-01,2000-06-30 23:59:59.999,2000-06-30,19.1747,13.6933,10.45,13.5354,27.3332
2000-07-01,2000-07-31 23:59:59.999,2000-07-31,19.2828,20.0191,9.84,13.6212,26.8838
2000-08-01,2000-08-31 23:59:59.999,2000-08-31,19.5004,21.7272,8.37,15.1376,28.1591
2000-09-01,2000-09-30 23:59:59.999,2000-09-29,18.9098,19.8495,4.47,14.2577,26.7210
2000-10-01,2000-10-31 23:59:59.999,2000-10-31,19.1250,17.9111,4.52,13.8773,25.8505
2000-11-01,2000-11-30 23:59:59.999,2000-11-30,19.6051,19.2962,4.32,13.0510,23.8272
2000-12-01,2000-12-31 23:59:59.999,2000-12-29,19.4743,19.1713,6.51,13.4962,24.0661
2001-01-01,2001-01-31 23:59:59.999,2001-01-31,17.3636,22.5675,7.50,12.8647,24.8929
2001-02-01,2001-02-28 23:59:59.999,2001-02-28,17.2803,22.0529,6.73,13.3038,22.6541
2001-03-01,2001-03-31 23:59:59.999,2001-03-30,16.5200,17.9944,7.41,11.9978,21.2166
2001-04-01,2001-04-30 23:59:59.999,2001-04-30,16.6377,17.5841,8.22,13.5603,23.4457
2001-05-01,2001-05-31 23:59:59.999,2001-05-31,16.8096,18.1705,8.50,15.5384,23.6368
2001-06-01,2001-06-30 23:59:59.999,2001-06-29,17.6946,17.0203,8.69,14.0494,23.0921
2001-07-01,2001-07-31 23:59:59.999,2001-07-31,21.5142,16.4429,10.12,11.4041,24.0495
2001-08-01,2001-08-31 23:59:59.999,2001-08-31,20.8481,16.0561,9.01,10.7512,22.6281
2001-09-01,2001-09-30 23:59:59.999,2001-09-28,18.1071,13.7972,5.71,9.3576,20.7812
2001-10-01,2001-10-31 23:59:59.999,2001-10-31,20.3327,14.6601,5.82,10.8172,22.6346
2001-11-01,2001-11-30 23:59:59.999,2001-11-30,20.9596,16.1596,7.59,11.9594,24.5340
2001-12-01,2001-12-31 23:59:59.999,2001-12-31,24.4206,16.3216,8.58,14.0454,26.5995
2002-01-01,2002-01-31 23:59:59.999,2002-01-31,24.6748,16.7422,8.45,15.1083,26.3145
2002-02-01,2002-02-28 23:59:59.999,2002-02-28,24.3794,17.9965,9.29,17.3958,25.7559
2002-03-01,2002-03-31 23:59:59.999,2002-03-29,23.6430,15.9859,11.24,17.5672,26.6888
2002-04-01,2002-04-30 23:59:59.999,2002-04-30,23.2327,15.3974,10.83,19.2189,25.4318
2002-05-01,2002-05-31 23:59:59.999,2002-05-31,23.3741,14.3132,10.05,20.0365,25.1579
2002-06-01,2002-06-30 23:59:59.999,2002-06-28,22.9067,13.9619,9.37,19.3083,23.3405
2002-07-01,2002-07-31 23:59:59.999,2002-07-31,20.6199,12.8558,9.66,18.3033,20.8005
2002-08-01,2002-08-31 23:59:59.999,2002-08-30,20.8177,13.6888,8.44,19.1790,20.7781
2002-09-01,2002-09-30 23:59:59.999,2002-09-30,18.2303,12.2470,6.95,19.2166,17.9877
2002-10-01,2002-10-31 23:59:59.999,2002-10-31,18.5554,11.7145,5.53,19.5245,19.4657
2002-11-01,2002-11-30 23:59:59.999,2002-11-29,18.3953,12.8246,5.90,19.8344,20.5449
2002-12-01,2002-12-31 23:59:59.999,2002-12-31,20.1082,12.3469,7.51,16.4006,19.0290
2003-01-01,2003-01-31 23:59:59.999,2003-01-31,19.6519,11.8830,8.54,14.6597,18.4555
2003-02-01,2003-02-28 23:59:59.999,2003-02-28,18.6113,12.0046,8.84,13.3719,18.1020
2003-03-01,2003-03-31 23:59:59.999,2003-03-31,19.1185,10.4758,9.32,11.3911,17.9924
2003-04-01,2003-04-30 23:59:59.999,2003-04-30,19.8939,10.1702,7.94,11.1275,19.3289
2003-05-01,2003-05-31 23:59:59.999,2003-05-30,20.0664,10.9294,6.17,12.6375,20.3002
2003-06-01,2003-06-30 23:59:59.999,2003-06-30,21.0327,11.7358,6.64,12.9168,20.1547
2003-07-01,2003-07-31 23:59:59.999,2003-07-31,22.0571,12.3393,5.44,13.6227,20.3748
2003-08-01,2003-08-31 23:59:59.999,2003-08-29,22.4431,13.8103,7.43,14.2823,20.6873
2003-09-01,2003-09-30 23:59:59.999,2003-09-30,21.4296,13.6770,9.19,11.5883,19.6965
2003-10-01,2003-10-31 23:59:59.999,2003-10-31,20.5028,15.0702,10.22,12.6458,20.7040
2003-11-01,2003-11-30 23:59:59.999,2003-11-28,20.1361,15.5022,8.55,12.5880,20.8147
2003-12-01,2003-12-31 23:59:59.999,2003-12-31,23.0304,17.0112,8.03,17.2011,20.4627
2004-01-01,2004-01-31 23:59:59.999,2004-01-30,22.6737,16.5938,7.78,17.9702,20.8096
2004-02-01,2004-02-29 23:59:59.999,2004-02-27,23.2316,16.5524,8.46,18.0064,20.9495
2004-03-01,2004-03-31 23:59:59.999,2004-03-31,22.3840,15.3110,9.43,16.7983,19.5511
2004-04-01,2004-04-30 23:59:59.999,2004-04-30,22.2621,15.4187,10.73,16.2935,19.0656
2004-05-01,2004-05-31 23:59:59.999,2004-05-31,22.6726,13.0285,8.82,16.4327,19.1746
2004-06-01,2004-06-30 23:59:59.999,2004-06-30,17.4538,12.5205,9.18,13.8170,18.7121
2004-07-01,2004-07-31 23:59:59.999,2004-07-30,17.5001,13.5000,8.68,14.0812,17.9820
2004-08-01,2004-08-31 23:59:59.999,2004-08-31,17.6504,13.5600,7.07,15.1468,17.9261
2004-09-01,2004-09-30 23:59:59.999,2004-09-30,18.3607,13.7965,NA,14.2332,17.6466
2004-10-01,2004-10-31 23:59:59.999,2004-10-29,18.9785,14.0156,NA,14.0427,17.7643
2004-11-01,2004-11-30 23:59:59.999,2004-11-30,20.7597,15.4823,NA,15.0612,18.2927
2004-12-01,2004-12-31 23:59:59.999,2004-12-31,14.3712,15.5235,NA,11.8309,18.4131
2005-01-01,2005-01-31 23:59:59.999,2005-01-31,14.6037,15.4206,NA,11.9446,17.8984
2005-02-01,2005-02-28 23:59:59.999,2005-02-28,14.8370,15.8872,11.06,12.3607,18.1927
2005-03-01,2005-03-31 23:59:59.999,2005-03-31,14.1886,14.7025,10.95,11.6066,17.5164
2005-04-01,2005-04-30 23:59:59.999,2005-04-29,13.7043,13.9510,8.63,10.9340,17.0907
2005-05-01,2005-05-31 23:59:59.999,2005-05-31,14.0519,15.2141,11.79,12.0127,17.5648
2005-06-01,2005-06-30 23:59:59.999,2005-06-30,13.6291,15.8307,13.38,11.3923,17.2738
2005-07-01,2005-07-31 23:59:59.999,2005-07-29,13.9615,16.8444,11.66,12.1793,17.8344
2005-08-01,2005-08-31 23:59:59.999,2005-08-31,14.1492,17.2666,9.85,12.3912,17.4850
2005-09-01,2005-09-30 23:59:59.999,2005-09-30,14.7984,18.3613,10.55,13.4469,17.2836
2005-10-01,2005-10-31 23:59:59.999,2005-10-31,14.2307,16.7880,12.10,13.0898,16.7203
2005-11-01,2005-11-30 23:59:59.999,2005-11-30,14.7509,18.5921,12.00,13.3851,17.2909
2005-12-01,2005-12-31 23:59:59.999,2005-12-30,15.1725,19.0800,12.42,14.3903,17.2497
2006-01-01,2006-01-31 23:59:59.999,2006-01-31,15.3666,19.5831,13.25,14.3287,17.2180
2006-02-01,2006-02-28 23:59:59.999,2006-02-28,15.3601,20.4797,12.87,13.8578,17.1624
2006-03-01,2006-03-31 23:59:59.999,2006-03-31,16.1815,21.3436,14.20,14.5731,16.8544
2006-04-01,2006-04-30 23:59:59.999,2006-04-28,16.5931,22.7924,15.35,15.1322,17.0945
2006-05-01,2006-05-31 23:59:59.999,2006-05-31,15.7524,19.7142,13.71,14.7538,16.4362
2006-06-01,2006-06-30 23:59:59.999,2006-06-30,14.0966,18.9651,13.55,13.9218,15.9142
2006-07-01,2006-07-31 23:59:59.999,2006-07-31,13.8646,19.1736,13.42,13.6890,15.9399
2006-08-01,2006-08-31 23:59:59.999,2006-08-31,14.2236,20.5853,14.00,14.3262,16.2421
2006-09-01,2006-09-30 23:59:59.999,2006-09-29,14.3268,20.2900,14.82,14.5384,16.6210
2006-10-01,2006-10-31 23:59:59.999,2006-10-31,14.6172,21.1414,14.42,14.7198,16.3887
2006-11-01,2006-11-30 23:59:59.999,2006-11-30,14.7269,22.2868,12.16,15.0560,16.6685
2006-12-01,2006-12-31 23:59:59.999,2006-12-29,15.2272,20.7564,14.78,15.6963,16.8866
2007-01-01,2007-01-31 23:59:59.999,2007-01-31,14.3948,21.2506,14.50,12.3130,16.8050
2007-02-01,2007-02-28 23:59:59.999,2007-02-28,14.5573,19.6463,15.48,12.4506,16.3751
2007-03-01,2007-03-31 23:59:59.999,2007-03-30,15.0163,18.7669,16.10,13.1802,16.5935
2007-04-01,2007-04-30 23:59:59.999,2007-04-30,15.3030,19.9271,17.39,13.2682,16.9402
2007-05-01,2007-05-31 23:59:59.999,2007-05-31,15.6790,20.8921,17.12,13.4941,17.4768
2007-06-01,2007-06-30 23:59:59.999,2007-06-29,15.5258,18.6937,18.74,13.3555,17.1631
2007-07-01,2007-07-31 23:59:59.999,2007-07-31,14.6976,19.8983,18.54,12.3753,16.2014
2007-08-01,2007-08-31 23:59:59.999,2007-08-31,15.0258,19.6299,17.59,12.3825,16.3884
2007-09-01,2007-09-30 23:59:59.999,2007-09-28,15.8234,20.7081,17.94,12.9047,17.0674
2007-10-01,2007-10-31 23:59:59.999,2007-10-31,16.1953,23.5613,17.56,13.5190,17.3418
2007-11-01,2007-11-30 23:59:59.999,2007-11-30,15.6205,23.3877,16.83,13.0548,16.6976
2007-12-01,2007-12-31 23:59:59.999,2007-12-31,15.8121,22.0713,16.94,14.5196,17.3580
2008-01-01,2008-01-31 23:59:59.999,2008-01-31,14.0888,19.1821,17.73,13.7150,16.2614
2008-02-01,2008-02-29 23:59:59.999,2008-02-29,13.8809,19.1618,17.72,15.2967,15.7573
2008-03-01,2008-03-31 23:59:59.999,2008-03-31,13.2476,16.6074,16.65,15.3236,16.6372
2008-04-01,2008-04-30 23:59:59.999,2008-04-30,13.8505,18.3512,16.32,15.9266,17.3994
2008-05-01,2008-05-31 23:59:59.999,2008-05-30,14.0247,17.4139,19.88,16.4896,17.6251
2008-06-01,2008-06-30 23:59:59.999,2008-06-30,15.6152,14.3017,19.06,13.9758,17.6698
2008-07-01,2008-07-31 23:59:59.999,2008-07-31,14.8440,15.4448,17.28,12.7106,17.6871
2008-08-01,2008-08-31 23:59:59.999,2008-08-29,15.3186,15.5752,15.59,12.6782,18.0711
2008-09-01,2008-09-30 23:59:59.999,2008-09-30,13.3637,13.8414,13.45,11.1161,16.9877
2008-10-01,2008-10-31 23:59:59.999,2008-10-31,11.5736,10.5350,9.41,9.4686,14.2899
2008-11-01,2008-11-30 23:59:59.999,2008-11-28,10.7174,9.7739,11.34,9.3719,13.3593
2008-12-01,2008-12-31 23:59:59.999,2008-12-31,17.0235,11.4323,11.63,10.0052,16.3152
2009-01-01,2009-01-31 23:59:59.999,2009-01-30,16.1165,11.3428,11.70,9.5668,13.2742
2009-02-01,2009-02-28 23:59:59.999,2009-02-27,15.4104,10.6761,NA,8.5869,11.8703
2009-03-01,2009-03-31 23:59:59.999,2009-03-31,16.9460,12.6612,10.61,9.7899,14.2168
2009-04-01,2009-04-30 23:59:59.999,2009-04-30,17.7562,14.8723,19.27,9.8432,15.7793
2009-05-01,2009-05-31 23:59:59.999,2009-05-29,18.4931,19.0402,9.55,10.8213,16.7388
2009-06-01,2009-06-30 23:59:59.999,2009-06-30,37.5461,19.7442,9.88,14.9970,17.2707
2009-07-01,2009-07-31 23:59:59.999,2009-07-31,40.7591,21.3468,11.11,16.1822,18.5572
2009-08-01,2009-08-31 23:59:59.999,2009-08-31,45.7962,21.3707,15.42,16.6356,20.3518
2009-09-01,2009-09-30 23:59:59.999,2009-09-30,64.4114,25.3197,14.23,18.2758,21.8572
2009-10-01,2009-10-31 23:59:59.999,2009-10-30,70.2688,23.4858,14.45,19.5080,21.6086
2009-11-01,2009-11-30 23:59:59.999,2009-11-30,72.1423,25.1387,14.89,19.9553,22.8008
2009-12-01,2009-12-31 23:59:59.999,2009-12-31,74.7402,24.0815,16.08,18.5224,18.4396
2010-01-01,2010-01-31 23:59:59.999,2010-01-29,70.1213,22.5613,14.98,17.8435,17.5271
2010-02-01,2010-02-28 23:59:59.999,2010-02-26,71.1663,22.6532,15.55,17.9095,17.9998
2010-03-01,2010-03-31 23:59:59.999,2010-03-31,74.8154,20.4873,15.38,19.0850,17.1505
2010-04-01,2010-04-30 23:59:59.999,2010-04-30,73.7704,20.5182,14.53,19.0038,17.2631
2010-05-01,2010-05-31 23:59:59.999,2010-05-31,67.9746,20.2284,11.94,17.9796,15.7245
2010-06-01,2010-06-30 23:59:59.999,2010-06-30,17.9425,19.9988,11.94,15.1943,13.8352
2010-07-01,2010-07-31 23:59:59.999,2010-07-30,18.7273,20.1893,12.74,16.4025,14.6537
2010-08-01,2010-08-31 23:59:59.999,2010-08-31,18.4457,20.3069,14.33,15.8010,13.8785
2010-09-01,2010-09-30 23:59:59.999,2010-09-30,17.1401,21.0375,15.96,16.1528,14.3137
2010-10-01,2010-10-31 23:59:59.999,2010-10-29,17.4234,21.0018,17.17,16.6805,14.7960
2010-11-01,2010-11-30 23:59:59.999,2010-11-30,17.2340,20.4425,17.16,16.5683,14.6926
2010-12-01,2010-12-31 23:59:59.999,2010-12-31,16.5154,20.4096,16.89,14.2143,15.1113
2011-01-01,2011-01-31 23:59:59.999,2011-01-31,16.3242,18.2273,15.27,13.8916,15.3753
2011-02-01,2011-02-28 23:59:59.999,2011-02-28,16.6171,17.6253,14.57,14.3098,15.8287
2011-03-01,2011-03-31 23:59:59.999,2011-03-31,16.1290,19.7333,15.43,14.1752,15.2209
2011-04-01,2011-04-30 23:59:59.999,2011-04-29,16.0614,19.4236,14.70,14.4522,15.5959
2011-05-01,2011-05-31 23:59:59.999,2011-05-31,15.6213,18.7828,16.23,14.3313,15.6975
2011-06-01,2011-06-30 23:59:59.999,2011-06-30,14.4388,17.7744,13.56,12.0568,14.7916
2011-07-01,2011-07-31 23:59:59.999,2011-07-29,13.8869,17.1635,12.91,11.8007,14.4214
2011-08-01,2011-08-31 23:59:59.999,2011-08-31,13.4885,16.0171,13.24,11.7219,13.5607
2011-09-01,2011-09-30 23:59:59.999,2011-09-30,12.6051,15.7474,12.80,10.9766,12.2388
2011-10-01,2011-10-31 23:59:59.999,2011-10-31,13.5137,16.9463,13.45,11.9533,13.5159
2011-11-01,2011-11-30 23:59:59.999,2011-11-30,12.9668,15.4238,11.13,12.1204,13.4303
2011-12-01,2011-12-31 23:59:59.999,2011-12-30,12.7370,14.7925,10.64,11.9082,13.5708
2012-01-01,2012-01-31 23:59:59.999,2012-01-31,14.2448,16.5123,12.21,12.6649,13.4289
2012-02-01,2012-02-29 23:59:59.999,2012-02-29,14.3783,17.0498,12.19,12.8394,13.9613
2012-03-01,2012-03-31 23:59:59.999,2012-03-30,14.5574,15.4984,13.11,12.5726,14.4525
2012-04-01,2012-04-30 23:59:59.999,2012-04-30,15.0632,15.4238,14.14,12.0345,14.1526
2012-05-01,2012-05-31 23:59:59.999,2012-05-31,13.9783,14.4279,12.86,11.5948,13.2353
2012-06-01,2012-06-30 23:59:59.999,2012-06-29,14.4433,15.5551,14.99,11.8110,13.7030
2012-07-01,2012-07-31 23:59:59.999,2012-07-31,16.1127,15.3745,15.08,13.6079,13.9336
2012-08-01,2012-08-31 23:59:59.999,2012-08-31,16.3312,15.5655,15.85,13.8126,14.2122
2012-09-01,2012-09-30 23:59:59.999,2012-09-28,16.5442,16.2606,13.59,13.9413,14.6207
2012-10-01,2012-10-31 23:59:59.999,2012-10-31,17.1995,16.0400,13.73,14.4338,14.2701
2012-11-01,2012-11-30 23:59:59.999,2012-11-30,17.2505,16.7648,15.64,14.8850,14.3009
2012-12-01,2012-12-31 23:59:59.999,2012-12-31,18.8294,16.7414,15.74,18.0607,14.1033
2013-01-01,2013-01-31 23:59:59.999,2013-01-31,19.7672,17.1460,15.60,18.6266,15.0646
2013-02-01,2013-02-28 23:59:59.999,2013-02-28,20.6764,16.2564,16.38,18.2276,15.1939
2013-03-01,2013-03-31 23:59:59.999,2013-03-29,20.1010,16.3698,17.37,18.4908,15.7562
2013-04-01,2013-04-30 23:59:59.999,2013-04-30,20.8460,16.9528,18.22,18.6314,15.9203
2013-05-01,2013-05-31 23:59:59.999,2013-05-31,19.7534,17.1589,16.86,20.2170,16.2568
2013-06-01,2013-06-30 23:59:59.999,2013-06-28,19.2845,16.8721,16.34,18.9830,15.8716
2013-07-01,2013-07-31 23:59:59.999,2013-07-31,22.3511,16.8419,16.84,16.1982,16.3185
2013-08-01,2013-08-31 23:59:59.999,2013-08-30,22.7427,16.4038,15.89,16.5566,15.7972
2013-09-01,2013-09-30 23:59:59.999,2013-09-30,21.9536,16.4085,20.08,17.0935,16.0047
2013-10-01,2013-10-31 23:59:59.999,2013-10-31,22.8286,17.8192,20.27,17.6708,16.6644
2013-11-01,2013-11-30 23:59:59.999,2013-11-29,22.4106,17.5142,19.38,17.4873,17.1147
2013-12-01,2013-12-31 23:59:59.999,2013-12-31,19.8403,16.6901,16.95,15.7533,17.2237
2014-01-01,2014-01-31 23:59:59.999,2014-01-31,19.1874,16.1567,14.99,15.3642,16.6326
2014-02-01,2014-02-28 23:59:59.999,2014-02-28,20.0277,16.5296,16.06,16.0728,17.2946
2014-03-01,2014-03-31 23:59:59.999,2014-03-31,19.4538,16.4913,16.26,18.0517,17.2801
2014-04-01,2014-04-30 23:59:59.999,2014-04-30,19.8151,16.5153,16.69,18.4334,17.3858
2014-05-01,2014-05-31 23:59:59.999,2014-05-30,19.8563,17.7967,15.69,18.7129,17.7403
2014-06-01,2014-06-30 23:59:59.999,2014-06-30,18.3524,17.9297,15.93,18.1998,17.6729
2014-07-01,2014-07-31 23:59:59.999,2014-07-31,19.2335,18.2698,16.58,18.3226,17.4148
2014-08-01,2014-08-31 23:59:59.999,2014-08-29,19.2342,18.8151,16.47,17.9709,18.0566
2014-09-01,2014-09-30 23:59:59.999,2014-09-30,17.9374,18.5205,17.02,17.0820,17.4688
2014-10-01,2014-10-31 23:59:59.999,2014-10-31,18.7117,19.3798,16.60,17.2117,17.8710
2014-11-01,2014-11-30 23:59:59.999,2014-11-28,18.0667,19.9561,16.32,17.2766,18.3112
2014-12-01,2014-12-31 23:59:59.999,2014-12-31,19.9690,19.4043,18.21,19.3109,18.4315
2015-01-01,2015-01-31 23:59:59.999,2015-01-30,20.6191,20.5922,19.12,19.8929,17.8450
2015-02-01,2015-02-28 23:59:59.999,2015-02-27,21.8822,20.6786,19.39,20.6899,18.7929
