dateid01,dateid,cmp,cmp1,cpi,ff,m1,xr,y
1958-01-01,1958-01-31 23:59:59.999,36.43,99.75,14.66,2.72,NA,1.00,21.56
1958-02-01,1958-02-28 23:59:59.999,36.28,100.80,14.67,1.67,NA,1.00,21.11
1958-03-01,1958-03-31 23:59:59.999,36.34,100.58,14.77,1.20,NA,1.00,20.85
1958-04-01,1958-04-30 23:59:59.999,36.52,99.26,14.80,1.26,NA,1.00,20.51
1958-05-01,1958-05-31 23:59:59.999,36.39,100.53,14.80,0.63,NA,1.00,20.71
1958-06-01,1958-06-30 23:59:59.999,35.67,100.78,14.82,0.93,NA,1.00,21.25
1958-07-01,1958-07-31 23:59:59.999,35.62,101.82,14.85,0.68,NA,1.00,21.56
1958-08-01,1958-08-31 23:59:59.999,35.77,102.18,14.82,1.53,NA,1.00,22.00
1958-09-01,1958-09-30 23:59:59.999,35.97,101.12,14.82,1.76,NA,1.00,22.20
1958-10-01,1958-10-31 23:59:59.999,36.07,101.85,14.82,1.80,NA,1.00,22.46
1958-11-01,1958-11-30 23:59:59.999,36.41,103.25,14.85,2.27,NA,1.00,23.12
1958-12-01,1958-12-31 23:59:59.999,35.83,101.62,14.82,2.42,NA,1.00,23.15
1959-01-01,1959-01-31 23:59:59.999,35.35,100.23,14.83,2.48,138.9,1.00,23.49
1959-02-01,1959-02-28 23:59:59.999,35.49,99.33,14.82,2.43,139.4,1.00,23.96
1959-03-01,1959-03-31 23:59:59.999,36.00,101.14,14.82,2.80,139.7,1.00,24.30
1959-04-01,1959-04-30 23:59:59.999,36.37,102.58,14.85,2.96,139.7,1.00,24.81
1959-05-01,1959-05-31 23:59:59.999,36.30,103.63,14.86,2.90,140.7,1.00,25.19
1959-06-01,1959-06-30 23:59:59.999,35.72,103.36,14.92,3.39,141.2,1.00,25.22
1959-07-01,1959-07-31 23:59:59.999,35.41,101.83,14.97,3.47,141.7,1.00,24.61
1959-08-01,1959-08-31 23:59:59.999,36.21,101.90,14.95,3.50,141.9,1.00,23.78
1959-09-01,1959-09-30 23:59:59.999,36.36,101.78,14.99,3.76,141.0,1.00,23.75
1959-10-01,1959-10-31 23:59:59.999,36.09,101.15,15.04,3.98,140.5,1.00,23.58
1959-11-01,1959-11-30 23:59:59.999,35.84,100.73,15.05,4.00,140.4,1.00,23.72
1959-12-01,1959-12-31 23:59:59.999,36.00,98.64,15.04,3.99,140.0,1.00,25.19
1960-01-01,1960-01-31 23:59:59.999,36.24,99.50,15.02,3.99,140.0,1.00,25.85
1960-02-01,1960-02-29 23:59:59.999,36.12,99.08,15.05,3.97,139.9,1.00,25.62
1960-03-01,1960-03-31 23:59:59.999,36.24,98.92,15.05,3.84,139.8,1.00,25.39
1960-04-01,1960-04-30 23:59:59.999,36.59,100.95,15.13,3.92,139.6,1.00,25.19
1960-05-01,1960-05-31 23:59:59.999,36.14,101.22,15.13,3.85,139.6,1.00,25.16
1960-06-01,1960-06-30 23:59:59.999,35.59,100.53,15.16,3.32,139.6,1.00,24.85
1960-07-01,1960-07-31 23:59:59.999,35.48,100.75,15.17,3.23,140.2,1.00,24.75
1960-08-01,1960-08-31 23:59:59.999,35.48,100.42,15.17,2.98,141.3,1.00,24.73
1960-09-01,1960-09-30 23:59:59.999,35.80,98.90,15.19,2.60,141.2,1.00,24.47
1960-10-01,1960-10-31 23:59:59.999,35.20,98.35,15.24,2.47,140.9,1.00,24.44
1960-11-01,1960-11-30 23:59:59.999,34.69,97.56,15.26,2.44,140.9,1.00,24.10
1960-12-01,1960-12-31 23:59:59.999,34.59,96.30,15.27,1.98,140.7,1.00,23.64
1961-01-01,1961-01-31 23:59:59.999,34.97,97.58,15.26,1.45,141.1,1.00,23.66
1961-02-01,1961-02-28 23:59:59.999,35.03,99.70,15.27,2.54,141.6,1.00,23.64
1961-03-01,1961-03-31 23:59:59.999,35.37,101.45,15.27,2.02,141.9,1.00,23.78
1961-04-01,1961-04-30 23:59:59.999,35.50,102.45,15.27,1.49,142.1,1.00,24.27
1961-05-01,1961-05-31 23:59:59.999,35.47,101.84,15.26,1.98,142.7,1.00,24.64
1961-06-01,1961-06-30 23:59:59.999,35.13,98.60,15.29,1.73,142.9,1.00,24.99
1961-07-01,1961-07-31 23:59:59.999,35.25,99.33,15.35,1.17,142.9,1.00,25.27
1961-08-01,1961-08-31 23:59:59.999,35.48,99.90,15.33,2.00,143.5,1.00,25.50
1961-09-01,1961-09-30 23:59:59.999,35.59,99.50,15.38,1.88,143.8,1.00,25.48
1961-10-01,1961-10-31 23:59:59.999,35.37,98.50,15.38,2.26,144.1,1.00,25.96
1961-11-01,1961-11-30 23:59:59.999,35.43,97.45,15.38,2.61,144.8,1.00,26.37
1961-12-01,1961-12-31 23:59:59.999,35.54,99.60,15.36,2.33,145.2,1.00,26.60
1962-01-01,1962-01-31 23:59:59.999,35.50,100.38,15.36,2.15,145.2,1.00,26.37
1962-02-01,1962-02-28 23:59:59.999,35.56,98.25,15.41,2.37,145.7,1.00,26.80
1962-03-01,1962-03-31 23:59:59.999,35.60,98.68,15.44,2.85,146.0,1.00,26.95
1962-04-01,1962-04-30 23:59:59.999,35.46,97.40,15.47,2.78,146.4,1.00,27.00
1962-05-01,1962-05-31 23:59:59.999,35.84,96.38,15.47,2.36,146.8,1.00,26.97
1962-06-01,1962-06-30 23:59:59.999,35.72,94.95,15.48,2.68,146.6,1.00,26.91
1962-07-01,1962-07-31 23:59:59.999,35.51,94.32,15.51,2.71,146.5,1.00,27.17
1962-08-01,1962-08-31 23:59:59.999,35.47,94.50,15.51,2.93,146.6,1.00,27.21
1962-09-01,1962-09-30 23:59:59.999,35.60,94.38,15.60,2.90,146.3,1.00,27.37
1962-10-01,1962-10-31 23:59:59.999,35.45,94.76,15.58,2.90,146.7,1.00,27.41
1962-11-01,1962-11-30 23:59:59.999,35.82,95.05,15.58,2.94,147.3,1.00,27.52
1962-12-01,1962-12-31 23:59:59.999,35.82,94.58,15.55,2.93,147.8,1.00,27.52
1963-01-01,1963-01-31 23:59:59.999,36.03,95.18,15.58,2.92,148.3,1.00,27.72
1963-02-01,1963-02-28 23:59:59.999,36.01,95.20,15.60,3.00,148.9,1.00,28.04
1963-03-01,1963-03-31 23:59:59.999,36.02,94.10,15.61,2.98,149.2,1.00,28.21
1963-04-01,1963-04-30 23:59:59.999,36.48,95.04,15.61,2.90,149.7,1.00,28.47
1963-05-01,1963-05-31 23:59:59.999,36.76,97.15,15.61,3.00,150.4,1.00,28.81
1963-06-01,1963-06-30 23:59:59.999,36.19,95.45,15.67,2.99,150.4,1.00,28.90
1963-07-01,1963-07-31 23:59:59.999,36.18,95.68,15.74,3.02,151.3,1.00,28.78
1963-08-01,1963-08-31 23:59:59.999,36.11,94.45,15.74,3.49,151.8,1.00,28.84
1963-09-01,1963-09-30 23:59:59.999,36.26,94.80,15.74,3.48,152.0,1.00,29.13
1963-10-01,1963-10-31 23:59:59.999,36.95,97.78,15.76,3.50,152.6,1.00,29.33
1963-11-01,1963-11-30 23:59:59.999,36.74,97.85,15.79,3.48,153.7,1.00,29.47
1963-12-01,1963-12-31 23:59:59.999,36.93,96.92,15.82,3.38,153.3,1.00,29.41
1964-01-01,1964-01-31 23:59:59.999,36.85,97.60,15.83,3.48,153.7,1.00,29.67
1964-02-01,1964-02-29 23:59:59.999,36.88,96.38,15.82,3.48,154.3,1.00,29.88
1964-03-01,1964-03-31 23:59:59.999,37.34,96.30,15.83,3.43,154.5,1.00,29.88
1964-04-01,1964-04-30 23:59:59.999,38.08,98.35,15.85,3.47,154.8,1.00,30.36
1964-05-01,1964-05-31 23:59:59.999,38.22,97.25,15.85,3.50,155.3,1.00,30.54
1964-06-01,1964-06-30 23:59:59.999,37.86,97.12,15.88,3.50,155.6,1.00,30.62
1964-07-01,1964-07-31 23:59:59.999,38.41,97.80,15.92,3.42,156.8,1.00,30.83
1964-08-01,1964-08-31 23:59:59.999,38.76,99.78,15.92,3.50,157.8,1.00,31.03
1964-09-01,1964-09-30 23:59:59.999,39.47,101.94,15.94,3.45,158.7,1.00,31.14
1964-10-01,1964-10-31 23:59:59.999,40.19,104.40,15.95,3.36,159.2,1.00,30.71
1964-11-01,1964-11-30 23:59:59.999,39.99,104.60,15.98,3.52,160.0,1.00,31.66
1964-12-01,1964-12-31 23:59:59.999,39.49,105.28,15.99,3.85,160.3,1.00,32.03
1965-01-01,1965-01-31 23:59:59.999,38.28,104.45,16.00,3.90,160.7,1.00,32.38
1965-02-01,1965-02-28 23:59:59.999,39.03,104.43,16.00,3.98,160.9,1.00,32.58
1965-03-01,1965-03-31 23:59:59.999,38.98,105.18,16.02,4.04,161.5,1.00,33.01
1965-04-01,1965-04-30 23:59:59.999,39.03,107.53,16.07,4.09,162.0,1.00,33.15
1965-05-01,1965-05-31 23:59:59.999,39.14,107.35,16.10,4.10,161.7,1.00,33.41
1965-06-01,1965-06-30 23:59:59.999,39.11,106.30,16.19,4.04,162.2,1.00,33.67
1965-07-01,1965-07-31 23:59:59.999,38.32,105.35,16.21,4.09,163.1,1.00,33.99
1965-08-01,1965-08-31 23:59:59.999,38.72,106.72,16.17,4.12,163.7,1.00,34.13
1965-09-01,1965-09-30 23:59:59.999,39.33,107.60,16.21,4.01,164.9,1.00,34.22
1965-10-01,1965-10-31 23:59:59.999,39.46,107.83,16.22,4.08,166.0,1.00,34.56
1965-11-01,1965-11-30 23:59:59.999,39.38,108.36,16.26,4.10,166.7,1.00,34.70
1965-12-01,1965-12-31 23:59:59.999,39.88,111.30,16.31,4.32,167.8,1.00,35.14
1966-01-01,1966-01-31 23:59:59.999,40.96,114.18,16.31,4.42,169.1,1.00,35.49
1966-02-01,1966-02-28 23:59:59.999,41.64,115.93,16.41,4.60,169.6,1.00,35.71
1966-03-01,1966-03-31 23:59:59.999,41.97,116.10,16.46,4.65,170.5,1.00,36.20
1966-04-01,1966-04-30 23:59:59.999,42.01,114.88,16.53,4.67,171.8,1.00,36.26
1966-05-01,1966-05-31 23:59:59.999,41.42,112.98,16.55,4.90,171.3,1.00,36.60
1966-06-01,1966-06-30 23:59:59.999,41.86,113.58,16.60,5.17,171.6,1.00,36.78
1966-07-01,1966-07-31 23:59:59.999,41.93,115.43,16.65,5.30,170.3,1.00,36.98
1966-08-01,1966-08-31 23:59:59.999,41.06,112.76,16.74,5.53,170.8,1.00,37.01
1966-09-01,1966-09-30 23:59:59.999,40.17,109.55,16.77,5.40,172.0,1.00,37.35
1966-10-01,1966-10-31 23:59:59.999,40.00,106.35,16.84,5.53,171.2,1.00,37.61
1966-11-01,1966-11-30 23:59:59.999,40.02,104.64,16.84,5.76,171.4,1.00,37.35
1966-12-01,1966-12-31 23:59:59.999,40.25,105.00,16.86,5.40,172.0,1.00,37.44
1967-01-01,1967-01-31 23:59:59.999,39.95,104.86,16.86,4.94,171.9,1.00,37.62
1967-02-01,1967-02-28 23:59:59.999,39.78,103.95,16.87,5.00,173.0,1.00,37.19
1967-03-01,1967-03-31 23:59:59.999,39.55,101.93,16.91,4.53,174.8,1.00,36.98
1967-04-01,1967-04-30 23:59:59.999,39.27,100.05,16.94,4.05,174.2,1.00,37.32
1967-05-01,1967-05-31 23:59:59.999,39.49,101.08,16.99,3.94,175.7,1.00,37.01
1967-06-01,1967-06-30 23:59:59.999,39.70,101.00,17.04,3.98,177.0,1.00,37.00
1967-07-01,1967-07-31 23:59:59.999,39.12,99.18,17.13,3.79,178.1,1.00,36.91
1967-08-01,1967-08-31 23:59:59.999,38.54,98.68,17.18,3.90,179.7,1.00,37.62
1967-09-01,1967-09-30 23:59:59.999,38.89,97.98,17.21,3.99,180.7,1.00,37.56
1967-10-01,1967-10-31 23:59:59.999,39.34,96.84,17.27,3.88,181.6,1.00,37.86
1967-11-01,1967-11-30 23:59:59.999,39.95,96.95,17.32,4.13,182.4,1.00,38.41
1967-12-01,1967-12-31 23:59:59.999,39.49,98.18,17.37,4.51,183.3,1.00,38.82
1968-01-01,1968-01-31 23:59:59.999,39.77,98.26,17.44,4.60,184.3,1.00,38.78
1968-02-01,1968-02-29 23:59:59.999,40.83,98.40,17.49,4.71,184.7,1.00,38.92
1968-03-01,1968-03-31 23:59:59.999,40.75,98.95,17.57,5.05,185.5,1.00,39.04
1968-04-01,1968-04-30 23:59:59.999,38.94,98.00,17.62,5.76,186.6,1.00,39.10
1968-05-01,1968-05-31 23:59:59.999,38.62,96.68,17.68,6.11,188.0,1.00,39.53
1968-06-01,1968-06-30 23:59:59.999,38.69,96.18,17.80,6.07,189.4,1.00,39.68
1968-07-01,1968-07-31 23:59:59.999,38.09,95.46,17.86,6.02,190.5,1.00,39.62
1968-08-01,1968-08-31 23:59:59.999,37.71,95.55,17.92,6.03,191.8,1.00,39.73
1968-09-01,1968-09-30 23:59:59.999,38.13,96.38,17.97,5.78,192.7,1.00,39.88
1968-10-01,1968-10-31 23:59:59.999,38.17,97.20,18.07,5.91,194.0,1.00,39.96
1968-11-01,1968-11-30 23:59:59.999,38.63,100.00,18.14,5.82,196.0,1.00,40.47
1968-12-01,1968-12-31 23:59:59.999,38.86,100.74,18.19,6.02,197.4,1.00,40.61
1969-01-01,1969-01-31 23:59:59.999,39.61,102.88,18.24,6.30,198.7,1.00,40.85
1969-02-01,1969-02-28 23:59:59.999,39.78,105.15,18.31,6.61,199.3,1.00,41.11
1969-03-01,1969-03-31 23:59:59.999,39.86,106.23,18.46,6.79,200.0,1.00,41.43
1969-04-01,1969-04-30 23:59:59.999,40.51,107.78,18.58,7.41,200.7,1.00,41.28
1969-05-01,1969-05-31 23:59:59.999,40.94,109.80,18.63,8.67,200.8,1.00,41.13
1969-06-01,1969-06-30 23:59:59.999,41.40,111.32,18.75,8.90,201.3,1.00,41.52
1969-07-01,1969-07-31 23:59:59.999,41.08,111.32,18.84,8.61,201.7,1.00,41.75
1969-08-01,1969-08-31 23:59:59.999,41.49,113.23,18.92,9.19,201.7,1.00,41.84
1969-09-01,1969-09-30 23:59:59.999,41.08,113.88,19.01,9.15,202.1,1.00,41.83
1969-10-01,1969-10-31 23:59:59.999,41.33,113.62,19.08,9.00,202.9,1.00,41.84
1969-11-01,1969-11-30 23:59:59.999,41.64,114.23,19.18,8.85,203.6,1.00,41.45
1969-12-01,1969-12-31 23:59:59.999,41.89,114.58,19.30,8.97,203.9,1.00,41.34
1970-01-01,1970-01-31 23:59:59.999,42.34,116.08,19.37,8.98,206.2,1.00,40.57
1970-02-01,1970-02-28 23:59:59.999,42.58,116.60,19.47,8.98,205.0,1.00,40.55
1970-03-01,1970-03-31 23:59:59.999,42.82,116.94,19.57,7.76,205.7,1.00,40.49
1970-04-01,1970-04-30 23:59:59.999,43.13,116.30,19.69,8.10,206.7,1.00,40.39
1970-05-01,1970-05-31 23:59:59.999,42.98,114.98,19.78,7.94,207.2,1.00,40.34
1970-06-01,1970-06-30 23:59:59.999,42.59,113.78,19.88,7.60,207.6,1.00,40.21
1970-07-01,1970-07-31 23:59:59.999,42.46,112.93,19.95,7.21,208.0,1.00,40.31
1970-08-01,1970-08-31 23:59:59.999,42.32,112.90,19.98,6.61,209.9,1.00,40.24
1970-09-01,1970-09-30 23:59:59.999,42.43,112.08,20.09,6.29,211.8,1.00,39.96
1970-10-01,1970-10-31 23:59:59.999,42.13,110.90,20.19,6.20,212.9,1.00,39.16
1970-11-01,1970-11-30 23:59:59.999,42.21,109.20,20.26,5.60,213.7,1.00,38.93
1970-12-01,1970-12-31 23:59:59.999,42.19,107.26,20.36,4.90,214.4,1.00,39.82
1971-01-01,1971-01-31 23:59:59.999,42.21,107.13,20.38,4.14,215.5,1.00,40.13
1971-02-01,1971-02-28 23:59:59.999,41.97,109.87,20.41,3.72,217.4,1.00,40.04
1971-03-01,1971-03-31 23:59:59.999,42.21,109.34,20.48,3.71,218.8,1.00,40.00
1971-04-01,1971-04-30 23:59:59.999,42.44,109.73,20.55,4.15,220.0,1.00,40.23
1971-05-01,1971-05-31 23:59:59.999,42.27,108.78,20.65,4.63,222.0,1.00,40.43
1971-06-01,1971-06-30 23:59:59.999,42.11,108.14,20.77,4.91,223.5,1.00,40.61
1971-07-01,1971-07-31 23:59:59.999,42.27,108.33,20.82,5.31,224.9,1.00,40.48
1971-08-01,1971-08-31 23:59:59.999,41.93,108.26,20.87,5.56,225.6,1.00,40.25
1971-09-01,1971-09-30 23:59:59.999,40.85,107.45,20.89,5.55,226.5,1.00,40.90
1971-10-01,1971-10-31 23:59:59.999,40.69,106.68,20.92,5.20,227.2,1.00,41.21
1971-11-01,1971-11-30 23:59:59.999,40.63,105.84,20.96,4.91,227.8,1.00,41.39
1971-12-01,1971-12-31 23:59:59.999,41.33,106.65,21.04,4.14,228.3,0.92,41.87
1972-01-01,1972-01-31 23:59:59.999,42.17,110.33,21.06,3.50,230.1,0.92,41.95
1972-02-01,1972-02-29 23:59:59.999,42.47,112.34,21.16,3.29,232.3,0.92,42.38
1972-03-01,1972-03-31 23:59:59.999,43.56,114.38,21.20,3.83,234.3,0.92,42.72
1972-04-01,1972-04-30 23:59:59.999,43.88,115.60,21.25,4.17,235.6,0.92,43.12
1972-05-01,1972-05-31 23:59:59.999,43.77,119.44,21.32,4.27,235.9,0.92,43.13
1972-06-01,1972-06-30 23:59:59.999,43.43,119.15,21.37,4.46,236.6,0.92,43.22
1972-07-01,1972-07-31 23:59:59.999,43.31,119.83,21.45,4.55,238.8,0.92,43.22
1972-08-01,1972-08-31 23:59:59.999,44.27,120.96,21.49,4.80,240.9,0.92,43.72
1972-09-01,1972-09-30 23:59:59.999,45.73,122.70,21.57,4.87,243.2,0.92,44.03
1972-10-01,1972-10-31 23:59:59.999,47.38,124.48,21.64,5.04,245.0,0.92,44.60
1972-11-01,1972-11-30 23:59:59.999,48.23,126.18,21.69,5.06,246.4,0.92,45.13
1972-12-01,1972-12-31 23:59:59.999,51.69,130.78,21.76,5.33,249.2,0.92,45.75
1973-01-01,1973-01-31 23:59:59.999,55.68,134.42,21.83,5.94,251.5,0.92,46.12
1973-02-01,1973-02-28 23:59:59.999,59.89,143.00,21.98,6.58,252.2,0.83,46.76
1973-03-01,1973-03-31 23:59:59.999,62.59,149.87,22.19,7.09,251.7,0.83,46.82
1973-04-01,1973-04-30 23:59:59.999,62.62,152.87,22.34,7.12,252.7,0.83,46.67
1973-05-01,1973-05-31 23:59:59.999,67.44,161.18,22.48,7.84,254.9,0.83,46.99
1973-06-01,1973-06-30 23:59:59.999,74.69,171.25,22.63,8.49,256.7,0.83,47.01
1973-07-01,1973-07-31 23:59:59.999,78.20,182.08,22.69,10.40,257.5,0.83,47.18
1973-08-01,1973-08-31 23:59:59.999,83.94,207.80,23.10,10.50,257.7,0.83,47.09
1973-09-01,1973-09-30 23:59:59.999,79.49,195.20,23.16,10.78,257.9,0.83,47.47
1973-10-01,1973-10-31 23:59:59.999,79.87,192.06,23.35,10.01,259.0,0.83,47.77
1973-11-01,1973-11-30 23:59:59.999,81.12,192.05,23.52,10.03,261.0,0.83,47.95
1973-12-01,1973-12-31 23:59:59.999,87.28,204.33,23.68,9.95,262.9,0.83,47.84
1974-01-01,1974-01-31 23:59:59.999,90.95,213.34,23.88,9.65,263.8,0.83,47.59
1974-02-01,1974-02-28 23:59:59.999,94.55,232.05,24.19,8.97,265.3,0.83,47.42
1974-03-01,1974-03-31 23:59:59.999,93.38,233.00,24.46,9.35,266.7,0.83,47.49
1974-04-01,1974-04-30 23:59:59.999,90.45,230.82,24.60,10.51,267.2,0.83,47.48
1974-05-01,1974-05-31 23:59:59.999,87.84,221.68,24.87,11.31,267.6,0.83,47.72
1974-06-01,1974-06-30 23:59:59.999,84.52,224.40,25.11,11.93,268.5,0.83,47.67
1974-07-01,1974-07-31 23:59:59.999,86.27,237.08,25.30,12.92,269.3,0.83,47.61
1974-08-01,1974-08-31 23:59:59.999,88.65,240.83,25.63,12.01,270.1,0.84,47.16
1974-09-01,1974-09-30 23:59:59.999,84.90,230.52,25.93,11.34,271.0,0.84,47.17
1974-10-01,1974-10-31 23:59:59.999,87.75,231.52,26.16,10.06,272.3,0.84,46.95
1974-11-01,1974-11-30 23:59:59.999,86.27,227.80,26.38,9.45,273.7,0.83,45.43
1974-12-01,1974-12-31 23:59:59.999,83.54,213.12,26.57,8.53,274.2,0.82,43.82
1975-01-01,1975-01-31 23:59:59.999,79.24,205.08,26.69,7.13,273.9,0.81,43.34
1975-02-01,1975-02-28 23:59:59.999,75.47,201.93,26.87,6.24,275.0,0.79,42.38
1975-03-01,1975-03-31 23:59:59.999,74.53,198.60,26.98,5.54,276.4,0.80,41.93
1975-04-01,1975-04-30 23:59:59.999,73.89,201.22,27.11,5.49,276.2,0.81,41.89
1975-05-01,1975-05-31 23:59:59.999,71.18,194.53,27.23,5.22,279.2,0.80,41.79
1975-06-01,1975-06-30 23:59:59.999,69.56,187.23,27.45,5.55,282.4,0.81,42.08
1975-07-01,1975-07-31 23:59:59.999,72.20,195.50,27.75,6.10,283.7,0.84,42.51
1975-08-01,1975-08-31 23:59:59.999,76.76,205.65,27.83,6.14,284.1,0.84,42.85
1975-09-01,1975-09-30 23:59:59.999,75.31,206.32,27.97,6.24,285.7,0.86,43.36
1975-10-01,1975-10-31 23:59:59.999,74.13,201.38,28.14,5.82,285.4,0.84,43.44
1975-11-01,1975-11-30 23:59:59.999,71.56,191.65,28.31,5.22,286.8,0.85,43.55
1975-12-01,1975-12-31 23:59:59.999,71.27,189.66,28.43,5.20,287.1,0.85,44.14
1976-01-01,1976-01-31 23:59:59.999,72.87,190.38,28.50,4.87,288.4,0.86,44.79
1976-02-01,1976-02-29 23:59:59.999,74.86,193.23,28.57,4.77,290.8,0.86,45.33
1976-03-01,1976-03-31 23:59:59.999,75.73,196.04,28.63,4.84,292.7,0.86,45.34
1976-04-01,1976-04-30 23:59:59.999,78.13,202.33,28.75,4.82,294.7,0.87,45.66
1976-05-01,1976-05-31 23:59:59.999,80.62,202.77,28.92,5.29,295.9,0.88,45.83
1976-06-01,1976-06-30 23:59:59.999,83.73,207.44,29.08,5.48,296.2,0.87,45.85
1976-07-01,1976-07-31 23:59:59.999,85.13,216.05,29.25,5.31,297.2,0.87,46.08
1976-08-01,1976-08-31 23:59:59.999,83.98,206.88,29.39,5.29,299.0,0.87,46.38
1976-09-01,1976-09-30 23:59:59.999,85.09,203.08,29.51,5.25,299.6,0.86,46.44
1976-10-01,1976-10-31 23:59:59.999,84.04,196.50,29.63,5.02,302.0,0.87,46.52
1976-11-01,1976-11-30 23:59:59.999,84.39,197.18,29.71,4.95,303.6,0.87,47.21
1976-12-01,1976-12-31 23:59:59.999,87.07,200.63,29.80,4.65,306.2,0.86,47.78
1977-01-01,1977-01-31 23:59:59.999,90.34,207.28,29.97,4.61,308.3,0.87,47.54
1977-02-01,1977-02-28 23:59:59.999,94.14,212.95,30.28,4.68,311.5,0.87,48.19
1977-03-01,1977-03-31 23:59:59.999,100.75,218.42,30.46,4.69,313.9,0.86,48.84
1977-04-01,1977-04-30 23:59:59.999,101.75,220.80,30.70,4.73,316.0,0.86,49.28
1977-05-01,1977-05-31 23:59:59.999,97.07,218.66,30.87,5.35,317.2,0.86,49.64
1977-06-01,1977-06-30 23:59:59.999,91.86,208.50,31.08,5.39,318.8,0.86,49.96
1977-07-01,1977-07-31 23:59:59.999,86.36,204.05,31.22,5.42,320.2,0.85,50.12
1977-08-01,1977-08-31 23:59:59.999,82.66,200.84,31.34,5.90,322.3,0.86,50.13
1977-09-01,1977-09-30 23:59:59.999,82.09,201.30,31.45,6.14,324.5,0.86,50.35
1977-10-01,1977-10-31 23:59:59.999,82.18,203.33,31.54,6.47,326.4,0.85,50.47
1977-11-01,1977-11-30 23:59:59.999,84.71,205.90,31.69,6.51,328.6,0.85,50.48
1977-12-01,1977-12-31 23:59:59.999,86.27,212.68,31.81,6.56,330.9,0.82,50.60
1978-01-01,1978-01-31 23:59:59.999,87.10,218.00,32.00,6.70,334.4,0.82,50.01
1978-02-01,1978-02-28 23:59:59.999,87.90,220.33,32.21,6.78,335.3,0.82,50.16
1978-03-01,1978-03-31 23:59:59.999,90.41,226.37,32.45,6.79,337.0,0.81,51.12
1978-04-01,1978-04-30 23:59:59.999,92.56,228.00,32.74,6.89,339.9,0.82,52.10
1978-05-01,1978-05-31 23:59:59.999,91.18,228.10,33.04,7.36,344.9,0.82,52.35
1978-06-01,1978-06-30 23:59:59.999,90.41,229.65,33.39,7.60,346.9,0.81,52.73
1978-07-01,1978-07-31 23:59:59.999,87.88,228.87,33.63,7.81,347.6,0.79,52.72
1978-08-01,1978-08-31 23:59:59.999,89.31,236.28,33.81,8.04,349.6,0.79,52.88
1978-09-01,1978-09-30 23:59:59.999,93.16,243.05,34.07,8.45,352.2,0.78,52.99
1978-10-01,1978-10-31 23:59:59.999,96.26,251.04,34.34,8.96,353.3,0.74,53.37
1978-11-01,1978-11-30 23:59:59.999,95.57,252.20,34.53,9.76,355.4,0.79,53.75
1978-12-01,1978-12-31 23:59:59.999,95.28,250.75,34.69,10.03,357.3,0.77,54.08
1979-01-01,1979-01-31 23:59:59.999,97.77,255.34,34.99,10.07,358.6,0.78,53.80
1979-02-01,1979-02-28 23:59:59.999,100.91,268.05,35.40,10.06,359.9,0.78,54.10
1979-03-01,1979-03-31 23:59:59.999,104.47,277.35,35.75,10.09,362.5,0.78,54.27
1979-04-01,1979-04-30 23:59:59.999,105.45,276.30,36.16,10.01,368.0,0.79,53.80
1979-05-01,1979-05-31 23:59:59.999,107.19,277.12,36.60,10.24,369.6,0.79,54.17
1979-06-01,1979-06-30 23:59:59.999,114.98,278.05,37.03,10.29,373.4,0.77,54.17
1979-07-01,1979-07-31 23:59:59.999,116.59,281.24,37.42,10.47,377.2,0.77,54.01
1979-08-01,1979-08-31 23:59:59.999,115.20,279.45,37.80,10.94,378.8,0.77,53.65
1979-09-01,1979-09-30 23:59:59.999,117.16,281.12,38.19,11.43,379.3,0.76,53.66
1979-10-01,1979-10-31 23:59:59.999,116.28,283.84,38.53,13.77,380.8,0.78,53.87
1979-11-01,1979-11-30 23:59:59.999,115.55,281.03,38.89,13.18,380.8,0.76,53.82
1979-12-01,1979-12-31 23:59:59.999,117.16,285.87,39.30,13.78,381.8,0.76,53.87
1980-01-01,1980-01-31 23:59:59.999,119.53,286.64,39.87,13.82,385.8,0.76,54.18
1980-02-01,1980-02-29 23:59:59.999,123.56,294.12,40.41,14.13,390.1,0.77,54.22
1980-03-01,1980-03-31 23:59:59.999,117.58,285.37,40.99,17.19,388.4,0.80,54.06
1980-04-01,1980-04-30 23:59:59.999,113.80,272.54,41.46,17.61,383.8,0.77,52.98
1980-05-01,1980-05-31 23:59:59.999,115.54,263.85,41.87,10.98,384.8,0.76,51.69
1980-06-01,1980-06-30 23:59:59.999,114.48,260.30,42.33,9.47,389.1,0.76,51.04
1980-07-01,1980-07-31 23:59:59.999,116.55,274.60,42.36,9.03,394.0,0.76,50.72
1980-08-01,1980-08-31 23:59:59.999,117.68,288.70,42.63,9.61,399.2,0.76,50.84
1980-09-01,1980-09-30 23:59:59.999,119.81,292.78,43.03,10.87,404.8,0.76,51.67
1980-10-01,1980-10-31 23:59:59.999,117.40,296.60,43.40,12.81,409.0,0.78,52.20
1980-11-01,1980-11-30 23:59:59.999,118.81,298.45,43.80,15.85,410.7,0.78,53.11
1980-12-01,1980-12-31 23:59:59.999,114.33,287.58,44.17,18.90,408.5,0.78,53.42
1981-01-01,1981-01-31 23:59:59.999,115.25,281.70,44.53,19.08,411.3,0.80,53.10
1981-02-01,1981-02-28 23:59:59.999,111.54,273.45,44.99,15.93,414.8,0.82,52.93
1981-03-01,1981-03-31 23:59:59.999,110.37,275.12,45.32,14.70,419.0,0.81,53.20
1981-04-01,1981-04-30 23:59:59.999,110.16,276.00,45.61,15.72,427.4,0.83,52.97
1981-05-01,1981-05-31 23:59:59.999,107.88,270.30,45.99,18.52,424.7,0.85,53.35
1981-06-01,1981-06-30 23:59:59.999,104.62,267.72,46.38,19.10,425.2,0.87,53.62
1981-07-01,1981-07-31 23:59:59.999,104.06,274.45,46.91,19.04,426.9,0.89,54.01
1981-08-01,1981-08-31 23:59:59.999,103.46,272.44,47.27,17.82,426.9,0.88,53.93
1981-09-01,1981-09-30 23:59:59.999,101.60,266.37,47.75,15.87,427.0,0.87,53.56
1981-10-01,1981-10-31 23:59:59.999,100.57,260.21,47.85,15.08,428.4,0.87,53.14
1981-11-01,1981-11-30 23:59:59.999,101.20,255.01,47.99,13.31,431.3,0.85,52.56
1981-12-01,1981-12-31 23:59:59.999,101.08,249.13,48.12,12.37,436.7,0.86,51.99
1982-01-01,1982-01-31 23:59:59.999,103.31,252.16,48.29,13.22,442.7,0.87,51.05
1982-02-01,1982-02-28 23:59:59.999,102.33,252.81,48.45,14.78,441.9,0.89,52.04
1982-03-01,1982-03-31 23:59:59.999,99.54,247.47,48.40,14.68,442.7,0.90,51.68
1982-04-01,1982-04-30 23:59:59.999,98.76,245.80,48.60,14.94,447.1,0.89,51.25
1982-05-01,1982-05-31 23:59:59.999,98.57,248.48,49.08,14.45,446.7,0.89,50.90
1982-06-01,1982-06-30 23:59:59.999,94.30,239.49,49.68,14.15,447.5,0.92,50.75
1982-07-01,1982-07-31 23:59:59.999,92.98,241.17,49.95,12.59,448.0,0.92,50.57
1982-08-01,1982-08-31 23:59:59.999,91.60,238.33,50.05,10.12,451.4,0.92,50.10
1982-09-01,1982-09-30 23:59:59.999,91.32,238.02,50.14,10.31,456.9,0.93,49.86
1982-10-01,1982-10-31 23:59:59.999,90.05,232.89,50.28,9.71,464.5,0.94,49.43
1982-11-01,1982-11-30 23:59:59.999,91.10,228.24,50.19,9.20,471.5,0.93,49.24
1982-12-01,1982-12-31 23:59:59.999,92.30,226.77,49.99,8.95,474.8,0.91,48.86
1983-01-01,1983-01-31 23:59:59.999,92.90,230.51,50.11,8.68,477.2,0.92,49.73
1983-02-01,1983-02-28 23:59:59.999,94.77,239.01,50.12,8.51,484.3,0.92,49.50
1983-03-01,1983-03-31 23:59:59.999,96.62,243.25,50.16,8.77,490.6,0.93,49.88
1983-04-01,1983-04-30 23:59:59.999,99.56,249.26,50.52,8.80,493.2,0.92,50.54
1983-05-01,1983-05-31 23:59:59.999,101.77,248.77,50.79,8.63,500.0,0.93,50.92
1983-06-01,1983-06-30 23:59:59.999,100.65,247.90,50.96,8.98,504.0,0.94,51.23
1983-07-01,1983-07-31 23:59:59.999,102.41,251.49,51.17,9.37,507.8,0.95,52.01
1983-08-01,1983-08-31 23:59:59.999,107.56,267.32,51.34,9.56,510.5,0.96,52.56
1983-09-01,1983-09-30 23:59:59.999,108.38,268.97,51.59,9.45,512.8,0.95,53.35
1983-10-01,1983-10-31 23:59:59.999,108.25,265.70,51.73,9.48,517.2,0.94,53.77
1983-11-01,1983-11-30 23:59:59.999,107.87,268.17,51.81,9.34,519.0,0.95,53.93
1983-12-01,1983-12-31 23:59:59.999,108.26,273.10,51.88,9.47,521.4,0.96,54.28
1984-01-01,1984-01-31 23:59:59.999,108.56,279.70,52.17,9.56,525.1,0.97,55.36
1984-02-01,1984-02-29 23:59:59.999,107.55,277.86,52.41,9.59,527.5,0.94,55.53
1984-03-01,1984-03-31 23:59:59.999,109.27,285.59,52.53,9.91,531.4,0.94,55.91
1984-04-01,1984-04-30 23:59:59.999,109.37,287.00,52.79,10.29,535.0,0.95,56.24
1984-05-01,1984-05-31 23:59:59.999,109.65,291.69,52.94,10.32,536.7,0.96,56.56
1984-06-01,1984-06-30 23:59:59.999,105.88,287.00,53.11,11.06,540.2,0.97,56.77
1984-07-01,1984-07-31 23:59:59.999,99.76,278.99,53.29,11.23,540.9,0.99,56.94
1984-08-01,1984-08-31 23:59:59.999,98.80,274.00,53.51,11.64,541.0,0.98,57.01
1984-09-01,1984-09-30 23:59:59.999,97.18,271.88,53.76,11.30,543.1,1.00,56.87
1984-10-01,1984-10-31 23:59:59.999,95.74,267.10,53.90,9.99,543.7,1.00,56.79
1984-11-01,1984-11-30 23:59:59.999,95.25,270.25,53.90,9.43,547.5,1.01,56.96
1984-12-01,1984-12-31 23:59:59.999,92.96,261.50,53.93,8.38,551.6,1.02,57.04
1985-01-01,1985-01-31 23:59:59.999,93.11,255.76,54.04,8.35,557.0,1.03,56.87
1985-02-01,1985-02-28 23:59:59.999,92.08,254.27,54.26,8.50,563.6,1.04,57.17
1985-03-01,1985-03-31 23:59:59.999,91.96,253.19,54.50,8.58,566.6,1.01,57.20
1985-04-01,1985-04-30 23:59:59.999,92.86,256.18,54.72,8.27,570.4,1.01,57.18
1985-05-01,1985-05-31 23:59:59.999,90.56,250.60,54.93,7.97,575.1,1.01,57.23
1985-06-01,1985-06-30 23:59:59.999,89.11,244.71,55.10,7.53,582.3,1.00,57.26
1985-07-01,1985-07-31 23:59:59.999,87.25,240.56,55.18,7.88,589.1,0.96,56.89
1985-08-01,1985-08-31 23:59:59.999,85.45,235.03,55.30,7.90,596.2,0.97,57.15
1985-09-01,1985-09-30 23:59:59.999,84.14,230.16,55.47,7.92,603.3,0.94,57.39
1985-10-01,1985-10-31 23:59:59.999,85.02,229.61,55.64,7.99,607.8,0.93,57.12
1985-11-01,1985-11-30 23:59:59.999,86.56,233.00,55.83,8.05,612.2,0.91,57.28
1985-12-01,1985-12-31 23:59:59.999,90.13,233.92,55.97,8.27,619.8,0.91,57.85
1986-01-01,1986-01-31 23:59:59.999,92.10,232.91,56.14,8.14,621.4,0.90,58.18
1986-02-01,1986-02-28 23:59:59.999,91.70,227.68,55.99,7.86,625.2,0.87,57.80
1986-03-01,1986-03-31 23:59:59.999,92.41,217.42,55.73,7.48,633.5,0.88,57.38
1986-04-01,1986-04-30 23:59:59.999,91.18,213.81,55.61,6.99,641.0,0.85,57.43
1986-05-01,1986-05-31 23:59:59.999,89.75,215.56,55.78,6.85,652.0,0.87,57.53
1986-06-01,1986-06-30 23:59:59.999,86.80,216.86,56.05,6.92,660.6,0.85,57.38
1986-07-01,1986-07-31 23:59:59.999,83.23,220.60,56.07,6.56,670.3,0.83,57.70
1986-08-01,1986-08-31 23:59:59.999,83.27,209.79,56.17,6.17,678.7,0.83,57.60
1986-09-01,1986-09-30 23:59:59.999,85.91,213.22,56.45,5.89,687.4,0.82,57.72
1986-10-01,1986-10-31 23:59:59.999,85.52,222.55,56.50,5.85,694.9,0.84,57.96
1986-11-01,1986-11-30 23:59:59.999,85.41,227.23,56.55,6.04,705.4,0.83,58.23
1986-12-01,1986-12-31 23:59:59.999,85.30,227.94,56.60,6.91,724.7,0.82,58.75
1987-01-01,1987-01-31 23:59:59.999,85.50,229.96,56.94,6.43,730.2,0.79,58.43
1987-02-01,1987-02-28 23:59:59.999,87.46,226.16,57.17,6.10,730.7,0.79,59.26
1987-03-01,1987-03-31 23:59:59.999,88.71,226.80,57.42,6.13,733.8,0.78,59.37
1987-04-01,1987-04-30 23:59:59.999,90.88,232.87,57.73,6.37,743.9,0.77,59.77
1987-05-01,1987-05-31 23:59:59.999,93.79,247.82,57.90,6.85,745.8,0.78,60.10
1987-06-01,1987-06-30 23:59:59.999,92.90,250.27,58.14,6.73,743.2,0.78,60.50
1987-07-01,1987-07-31 23:59:59.999,94.43,253.54,58.26,6.58,743.0,0.79,60.88
1987-08-01,1987-08-31 23:59:59.999,97.34,253.01,58.58,6.73,744.9,0.77,61.29
1987-09-01,1987-09-30 23:59:59.999,100.88,255.74,58.88,7.22,747.6,0.78,61.42
1987-10-01,1987-10-31 23:59:59.999,103.96,255.91,59.03,7.29,756.2,0.76,62.26
1987-11-01,1987-11-30 23:59:59.999,105.63,253.49,59.11,6.69,753.2,0.73,62.57
1987-12-01,1987-12-31 23:59:59.999,108.96,255.47,59.09,6.77,750.2,0.70,62.82
1988-01-01,1988-01-31 23:59:59.999,110.64,260.75,59.24,6.83,756.2,0.73,62.85
1988-02-01,1988-02-29 23:59:59.999,109.60,258.94,59.40,6.58,757.7,0.73,63.16
1988-03-01,1988-03-31 23:59:59.999,114.37,258.40,59.65,6.58,761.8,0.72,63.30
1988-04-01,1988-04-30 23:59:59.999,116.17,262.19,59.96,6.87,768.1,0.72,63.55
1988-05-01,1988-05-31 23:59:59.999,121.51,268.39,60.17,7.09,771.7,0.73,63.52
1988-06-01,1988-06-30 23:59:59.999,131.87,280.93,60.42,7.51,778.3,0.76,63.63
1988-07-01,1988-07-31 23:59:59.999,121.90,281.60,60.68,7.75,781.4,0.77,63.77
1988-08-01,1988-08-31 23:59:59.999,120.36,279.44,60.93,8.01,783.3,0.78,64.10
1988-09-01,1988-09-30 23:59:59.999,118.56,275.31,61.34,8.19,783.7,0.77,63.90
1988-10-01,1988-10-31 23:59:59.999,119.08,274.20,61.55,8.30,783.3,0.74,64.24
1988-11-01,1988-11-30 23:59:59.999,120.37,273.49,61.60,8.35,784.9,0.73,64.36
1988-12-01,1988-12-31 23:59:59.999,123.99,280.70,61.70,8.76,786.7,0.74,64.66
1989-01-01,1989-01-31 23:59:59.999,123.66,283.51,62.01,9.12,785.7,0.76,64.83
1989-02-01,1989-02-28 23:59:59.999,121.49,285.68,62.27,9.36,783.8,0.76,64.49
1989-03-01,1989-03-31 23:59:59.999,122.98,287.57,62.62,9.85,783.0,0.77,64.70
1989-04-01,1989-04-30 23:59:59.999,121.39,284.59,63.03,9.84,779.2,0.77,64.65
1989-05-01,1989-05-31 23:59:59.999,121.89,283.11,63.39,9.81,775.0,0.80,64.25
1989-06-01,1989-06-30 23:59:59.999,117.99,281.09,63.55,9.53,773.5,0.80,64.26
1989-07-01,1989-07-31 23:59:59.999,115.65,280.00,63.70,9.24,777.8,0.78,63.63
1989-08-01,1989-08-31 23:59:59.999,114.56,276.52,63.80,8.99,779.4,0.80,64.20
1989-09-01,1989-09-30 23:59:59.999,113.93,274.94,64.01,9.02,781.0,0.78,63.98
1989-10-01,1989-10-31 23:59:59.999,113.76,274.33,64.31,8.84,786.6,0.78,63.93
1989-11-01,1989-11-30 23:59:59.999,110.24,269.19,64.47,8.55,787.9,0.78,64.07
1989-12-01,1989-12-31 23:59:59.999,107.78,261.82,64.57,8.45,792.9,0.76,64.53
1990-01-01,1990-01-31 23:59:59.999,109.17,260.36,65.24,8.23,795.4,0.75,64.19
1990-02-01,1990-02-28 23:59:59.999,108.30,261.50,65.54,8.24,798.1,0.76,64.74
1990-03-01,1990-03-31 23:59:59.999,111.33,266.48,65.90,8.28,801.6,0.77,65.02
1990-04-01,1990-04-30 23:59:59.999,112.62,273.12,66.00,8.26,806.2,0.77,65.01
1990-05-01,1990-05-31 23:59:59.999,111.86,276.80,66.16,8.18,804.2,0.76,65.08
1990-06-01,1990-06-30 23:59:59.999,108.92,277.00,66.52,8.29,808.9,0.76,65.29
1990-07-01,1990-07-31 23:59:59.999,109.47,277.09,66.77,8.15,810.1,0.73,65.19
1990-08-01,1990-08-31 23:59:59.999,110.89,273.03,67.39,8.13,815.7,0.72,65.35
1990-09-01,1990-09-30 23:59:59.999,112.13,271.76,67.95,8.20,820.1,0.72,65.45
1990-10-01,1990-10-31 23:59:59.999,109.74,268.56,68.36,8.11,819.8,0.70,65.01
1990-11-01,1990-11-30 23:59:59.999,106.13,261.44,68.51,7.81,822.1,0.70,64.23
1990-12-01,1990-12-31 23:59:59.999,104.74,259.49,68.51,7.31,824.7,0.70,63.78
1991-01-01,1991-01-31 23:59:59.999,104.38,257.35,68.92,6.91,827.1,0.70,63.53
1991-02-01,1991-02-28 23:59:59.999,105.24,255.26,69.02,6.25,832.7,0.70,63.09
1991-03-01,1991-03-31 23:59:59.999,104.80,256.02,69.13,6.12,838.8,0.74,62.75
1991-04-01,1991-04-30 23:59:59.999,104.49,256.15,69.23,5.91,843.1,0.75,62.88
1991-05-01,1991-05-31 23:59:59.999,102.84,251.16,69.43,5.78,848.8,0.75,63.53
1991-06-01,1991-06-30 23:59:59.999,103.43,247.13,69.64,5.90,856.7,0.76,64.15
1991-07-01,1991-07-31 23:59:59.999,101.79,243.31,69.74,5.82,861.5,0.75,64.15
1991-08-01,1991-08-31 23:59:59.999,101.99,243.99,69.95,5.66,866.7,0.75,64.18
1991-09-01,1991-09-30 23:59:59.999,103.42,243.39,70.25,5.45,870.2,0.73,64.73
1991-10-01,1991-10-31 23:59:59.999,102.82,244.30,70.36,5.21,878.0,0.73,64.60
1991-11-01,1991-11-30 23:59:59.999,102.64,241.89,70.56,4.81,887.6,0.72,64.51
1991-12-01,1991-12-31 23:59:59.999,102.75,240.68,70.61,4.43,897.0,0.70,64.29
1992-01-01,1992-01-31 23:59:59.999,102.90,238.44,70.71,4.03,910.4,0.72,63.92
1992-02-01,1992-02-29 23:59:59.999,104.33,237.46,70.97,4.06,925.3,0.72,64.49
1992-03-01,1992-03-31 23:59:59.999,104.50,239.72,71.33,3.98,936.7,0.73,64.96
1992-04-01,1992-04-30 23:59:59.999,105.52,243.44,71.43,3.73,943.8,0.73,65.40
1992-05-01,1992-05-31 23:59:59.999,104.42,245.83,71.53,3.82,950.5,0.72,65.66
1992-06-01,1992-06-30 23:59:59.999,104.50,247.68,71.79,3.76,954.3,0.70,65.62
1992-07-01,1992-07-31 23:59:59.999,104.41,247.00,71.94,3.25,963.2,0.69,66.13
1992-08-01,1992-08-31 23:59:59.999,103.31,244.76,72.15,3.30,973.7,0.67,65.90
1992-09-01,1992-09-30 23:59:59.999,102.99,246.10,72.35,3.22,988.1,0.68,65.98
1992-10-01,1992-10-31 23:59:59.999,101.28,241.51,72.61,3.10,1003.8,0.71,66.48
1992-11-01,1992-11-30 23:59:59.999,101.34,238.30,72.71,3.09,1015.7,0.73,66.81
1992-12-01,1992-12-31 23:59:59.999,102.34,237.57,72.66,2.92,1024.9,0.73,66.81
1993-01-01,1993-01-31 23:59:59.999,102.23,238.55,73.02,3.02,1030.4,0.72,67.07
1993-02-01,1993-02-28 23:59:59.999,103.15,238.59,73.28,3.03,1033.5,0.73,67.33
1993-03-01,1993-03-31 23:59:59.999,103.82,238.35,73.53,3.07,1038.6,0.72,67.42
1993-04-01,1993-04-30 23:59:59.999,105.09,237.01,73.74,2.96,1047.6,0.70,67.57
1993-05-01,1993-05-31 23:59:59.999,106.65,235.11,73.84,3.00,1065.9,0.70,67.33
1993-06-01,1993-06-30 23:59:59.999,104.48,233.35,73.94,3.04,1075.1,0.71,67.48
1993-07-01,1993-07-31 23:59:59.999,108.47,235.46,73.94,3.06,1084.5,0.72,67.73
1993-08-01,1993-08-31 23:59:59.999,105.96,235.95,74.15,3.03,1094.2,0.71,67.65
1993-09-01,1993-09-30 23:59:59.999,104.85,235.53,74.30,3.09,1104.2,0.71,68.04
1993-10-01,1993-10-31 23:59:59.999,105.07,237.60,74.61,2.99,1113.0,0.72,68.48
1993-11-01,1993-11-30 23:59:59.999,106.64,241.58,74.66,3.02,1124.2,0.72,68.79
1993-12-01,1993-12-31 23:59:59.999,108.16,245.48,74.66,2.96,1129.6,0.73,69.22
1994-01-01,1994-01-31 23:59:59.999,109.94,247.83,74.86,3.05,1131.6,0.72,69.58
1994-02-01,1994-02-28 23:59:59.999,111.69,251.18,75.12,3.25,1136.3,0.71,69.64
1994-03-01,1994-03-31 23:59:59.999,110.92,253.72,75.37,3.34,1140.2,0.71,70.25
1994-04-01,1994-04-30 23:59:59.999,112.90,253.03,75.48,3.56,1141.1,0.70,70.59
1994-05-01,1994-05-31 23:59:59.999,115.42,256.67,75.53,4.01,1143.3,0.71,71.03
1994-06-01,1994-06-30 23:59:59.999,119.36,256.70,75.78,4.25,1145.1,0.69,71.52
1994-07-01,1994-07-31 23:59:59.999,122.21,259.95,75.99,4.26,1150.6,0.69,71.63
1994-08-01,1994-08-31 23:59:59.999,122.65,264.13,76.30,4.47,1150.6,0.69,72.02
1994-09-01,1994-09-30 23:59:59.999,125.83,267.69,76.50,4.73,1151.9,0.68,72.14
1994-10-01,1994-10-31 23:59:59.999,124.84,268.94,76.55,4.76,1150.1,0.67,72.73
1994-11-01,1994-11-30 23:59:59.999,127.48,275.01,76.65,5.29,1151.0,0.69,73.18
1994-12-01,1994-12-31 23:59:59.999,129.12,282.58,76.65,5.45,1150.6,0.69,73.99
1995-01-01,1995-01-31 23:59:59.999,130.76,288.25,76.96,5.53,1151.4,0.68,74.34
1995-02-01,1995-02-28 23:59:59.999,130.22,285.63,77.27,5.92,1147.4,0.67,74.34
1995-03-01,1995-03-31 23:59:59.999,131.09,285.97,77.53,5.98,1146.7,0.64,74.46
1995-04-01,1995-04-30 23:59:59.999,130.54,286.37,77.78,6.05,1149.3,0.64,74.43
1995-05-01,1995-05-31 23:59:59.999,129.12,288.36,77.93,6.01,1145.4,0.63,74.57
1995-06-01,1995-06-30 23:59:59.999,129.67,294.95,78.09,6.00,1144.2,0.64,74.81
1995-07-01,1995-07-31 23:59:59.999,130.22,295.37,78.09,5.85,1145.4,0.64,74.54
1995-08-01,1995-08-31 23:59:59.999,128.57,291.91,78.29,5.74,1145.5,0.67,75.55
1995-09-01,1995-09-30 23:59:59.999,127.15,290.66,78.45,5.80,1141.9,0.66,75.84
1995-10-01,1995-10-31 23:59:59.999,126.49,292.67,78.70,5.76,1137.3,0.67,75.69
1995-11-01,1995-11-30 23:59:59.999,130.22,296.66,78.65,5.80,1134.0,0.67,75.89
1995-12-01,1995-12-31 23:59:59.999,128.90,290.84,78.60,5.60,1127.5,0.67,76.23
1996-01-01,1996-01-31 23:59:59.999,128.02,286.76,79.06,5.56,1123.5,0.69,75.69
1996-02-01,1996-02-29 23:59:59.999,129.23,285.00,79.32,5.22,1118.4,0.68,76.95
1996-03-01,1996-03-31 23:59:59.999,129.56,286.61,79.73,5.31,1122.5,0.68,76.82
1996-04-01,1996-04-30 23:59:59.999,133.07,294.89,80.03,5.22,1124.8,0.69,77.43
1996-05-01,1996-05-31 23:59:59.999,135.92,307.90,80.19,5.24,1116.6,0.69,77.93
1996-06-01,1996-06-30 23:59:59.999,130.87,309.50,80.24,5.27,1115.1,0.69,78.62
1996-07-01,1996-07-31 23:59:59.999,126.82,309.55,80.39,5.40,1112.5,0.68,78.54
1996-08-01,1996-08-31 23:59:59.999,127.04,314.30,80.55,5.22,1101.6,0.69,79.04
1996-09-01,1996-09-30 23:59:59.999,124.84,309.47,80.80,5.30,1096.1,0.69,79.47
1996-10-01,1996-10-31 23:59:59.999,121.89,297.86,81.06,5.24,1086.2,0.69,79.48
1996-11-01,1996-11-30 23:59:59.999,123.31,284.84,81.21,5.31,1083.2,0.69,80.15
1996-12-01,1996-12-31 23:59:59.999,121.67,286.33,81.21,5.29,1081.5,0.70,80.67
1997-01-01,1997-01-31 23:59:59.999,125.39,292.16,81.47,5.25,1081.3,0.72,80.78
1997-02-01,1997-02-28 23:59:59.999,127.91,296.14,81.72,5.19,1078.8,0.72,81.74
1997-03-01,1997-03-31 23:59:59.999,130.65,297.68,81.93,5.39,1072.1,0.72,82.42
1997-04-01,1997-04-30 23:59:59.999,128.68,292.11,82.03,5.51,1064.0,0.73,82.44
1997-05-01,1997-05-31 23:59:59.999,131.53,292.54,81.98,5.50,1064.0,0.72,82.98
1997-06-01,1997-06-30 23:59:59.999,125.28,294.07,82.08,5.56,1065.7,0.72,83.36
1997-07-01,1997-07-31 23:59:59.999,123.31,291.18,82.18,5.52,1066.3,0.74,83.84
1997-08-01,1997-08-31 23:59:59.999,121.99,295.14,82.34,5.54,1074.2,0.73,84.97
1997-09-01,1997-09-30 23:59:59.999,120.79,293.38,82.54,5.54,1067.7,0.73,85.72
1997-10-01,1997-10-31 23:59:59.999,117.83,295.73,82.75,5.50,1065.5,0.72,86.30
1997-11-01,1997-11-30 23:59:59.999,118.27,294.18,82.70,5.52,1070.1,0.73,87.07
1997-12-01,1997-12-31 23:59:59.999,114.76,279.06,82.59,5.50,1072.8,0.74,87.37
1998-01-01,1998-01-31 23:59:59.999,112.57,267.54,82.75,5.56,1074.3,0.74,87.79
1998-02-01,1998-02-28 23:59:59.999,113.34,264.89,82.90,5.51,1077.9,0.74,87.90
1998-03-01,1998-03-31 23:59:59.999,111.03,269.59,83.06,5.49,1077.2,0.75,87.97
1998-04-01,1998-04-30 23:59:59.999,110.60,269.67,83.21,5.45,1076.7,0.74,88.31
1998-05-01,1998-05-31 23:59:59.999,108.95,276.42,83.36,5.49,1078.1,0.75,88.91
1998-06-01,1998-06-30 23:59:59.999,105.01,273.07,83.46,5.56,1076.8,0.75,88.40
1998-07-01,1998-07-31 23:59:59.999,102.27,266.71,83.57,5.54,1075.1,0.75,88.03
1998-08-01,1998-08-31 23:59:59.999,100.73,260.89,83.67,5.55,1075.2,0.75,89.92
1998-09-01,1998-09-30 23:59:59.999,100.62,254.96,83.77,5.51,1080.4,0.73,89.67
1998-10-01,1998-10-31 23:59:59.999,100.62,253.34,83.98,5.07,1085.9,0.71,90.33
1998-11-01,1998-11-30 23:59:59.999,101.83,242.99,83.98,4.83,1094.4,0.72,90.26
1998-12-01,1998-12-31 23:59:59.999,100.29,233.36,83.93,4.68,1095.8,0.71,90.54
1999-01-01,1999-01-31 23:59:59.999,99.85,238.31,84.13,4.63,1097.4,0.72,90.96
1999-02-01,1999-02-28 23:59:59.999,97.22,231.76,84.23,4.76,1097.0,0.73,91.34
1999-03-01,1999-03-31 23:59:59.999,97.00,226.12,84.49,4.81,1097.7,0.74,91.56
1999-04-01,1999-04-30 23:59:59.999,96.35,226.34,85.10,4.74,1101.8,0.74,91.76
1999-05-01,1999-05-31 23:59:59.999,97.44,228.55,85.10,4.74,1102.8,0.75,92.46
1999-06-01,1999-06-30 23:59:59.999,96.02,230.07,85.10,4.76,1099.8,0.75,92.29
1999-07-01,1999-07-31 23:59:59.999,94.92,225.59,85.36,4.99,1098.8,0.73,92.89
1999-08-01,1999-08-31 23:59:59.999,97.11,231.62,85.56,5.07,1099.0,0.73,93.29
1999-09-01,1999-09-30 23:59:59.999,99.85,235.46,85.97,5.22,1097.1,0.72,92.98
1999-10-01,1999-10-31 23:59:59.999,100.40,232.33,86.13,5.20,1102.1,0.72,94.18
1999-11-01,1999-11-30 23:59:59.999,100.95,230.77,86.18,5.42,1111.3,0.73,94.66
1999-12-01,1999-12-31 23:59:59.999,101.61,226.54,86.18,5.30,1122.4,0.73,95.38
2000-01-01,2000-01-31 23:59:59.999,102.37,227.98,86.43,5.45,1121.9,0.74,95.49
2000-02-01,2000-02-29 23:59:59.999,103.36,222.00,86.95,5.73,1109.0,0.75,95.84
2000-03-01,2000-03-31 23:59:59.999,102.81,225.85,87.66,5.85,1108.1,0.74,96.21
2000-04-01,2000-04-30 23:59:59.999,101.17,227.78,87.71,6.02,1113.8,0.76,96.82
2000-05-01,2000-05-31 23:59:59.999,102.16,233.68,87.82,6.27,1105.8,0.76,96.97
2000-06-01,2000-06-30 23:59:59.999,100.18,229.89,88.28,6.53,1103.2,0.75,97.05
2000-07-01,2000-07-31 23:59:59.999,98.65,219.61,88.48,6.54,1103.6,0.76,96.82
2000-08-01,2000-08-31 23:59:59.999,96.35,217.28,88.48,6.50,1100.8,0.77,96.58
2000-09-01,2000-09-30 23:59:59.999,99.42,220.60,88.94,6.52,1099.6,0.77,97.07
2000-10-01,2000-10-31 23:59:59.999,98.21,224.15,89.10,6.51,1098.4,0.78,96.66
2000-11-01,2000-11-30 23:59:59.999,98.65,223.29,89.15,6.51,1092.4,0.78,96.67
2000-12-01,2000-12-31 23:59:59.999,96.68,224.99,89.10,6.40,1087.2,0.77,96.30
2001-01-01,2001-01-31 23:59:59.999,99.53,225.82,89.66,5.98,1097.2,0.77,95.62
2001-02-01,2001-02-28 23:59:59.999,99.09,224.13,90.02,5.49,1101.3,0.77,95.09
2001-03-01,2001-03-31 23:59:59.999,96.24,226.51,90.22,5.31,1109.7,0.79,94.79
2001-04-01,2001-04-30 23:59:59.999,96.24,226.66,90.58,4.80,1115.0,0.79,94.58
2001-05-01,2001-05-31 23:59:59.999,96.68,229.81,90.99,4.21,1119.6,0.80,93.92
2001-06-01,2001-06-30 23:59:59.999,96.13,231.98,91.15,3.97,1126.7,0.80,93.32
2001-07-01,2001-07-31 23:59:59.999,95.03,235.20,90.89,3.77,1140.0,0.79,92.90
2001-08-01,2001-08-31 23:59:59.999,94.26,235.97,90.89,3.65,1150.1,0.78,92.60
2001-09-01,2001-09-30 23:59:59.999,91.96,226.62,91.30,3.07,1205.0,0.78,92.32
2001-10-01,2001-10-31 23:59:59.999,88.89,211.72,90.99,2.49,1165.8,0.78,91.82
2001-11-01,2001-11-30 23:59:59.999,91.19,211.15,90.84,2.09,1170.8,0.79,91.37
2001-12-01,2001-12-31 23:59:59.999,90.43,213.98,90.48,1.82,1182.1,0.80,91.38
2002-01-01,2002-01-31 23:59:59.999,91.19,212.55,90.68,1.73,1190.3,0.81,91.94
2002-02-01,2002-02-28 23:59:59.999,92.62,214.02,91.04,1.74,1190.4,0.80,91.92
2002-03-01,2002-03-31 23:59:59.999,93.50,219.65,91.56,1.73,1192.6,0.80,92.63
2002-04-01,2002-04-30 23:59:59.999,93.72,216.63,92.07,1.75,1185.5,0.79,93.01
2002-05-01,2002-05-31 23:59:59.999,93.50,216.43,92.07,1.75,1189.1,0.77,93.50
2002-06-01,2002-06-30 23:59:59.999,96.13,228.09,92.12,1.75,1193.0,0.75,94.36
2002-07-01,2002-07-31 23:59:59.999,99.53,233.96,92.22,1.73,1200.3,0.76,94.05
2002-08-01,2002-08-31 23:59:59.999,99.96,232.98,92.53,1.74,1186.4,0.75,94.19
2002-09-01,2002-09-30 23:59:59.999,104.68,235.10,92.68,1.75,1195.7,0.76,94.26
2002-10-01,2002-10-31 23:59:59.999,104.68,236.59,92.84,1.75,1203.9,0.76,93.97
2002-11-01,2002-11-30 23:59:59.999,104.35,238.01,92.84,1.34,1208.5,0.76,94.42
2002-12-01,2002-12-31 23:59:59.999,105.99,244.06,92.63,1.24,1219.7,0.74,93.92
2003-01-01,2003-01-31 23:59:59.999,NA,248.42,93.04,1.24,1226.0,0.73,94.59
2003-02-01,2003-02-28 23:59:59.999,NA,249.60,93.76,1.26,1238.2,0.73,94.93
2003-03-01,2003-03-31 23:59:59.999,NA,249.73,94.32,1.25,1239.0,0.73,94.80
2003-04-01,2003-04-30 23:59:59.999,NA,248.66,94.12,1.26,1248.1,0.72,94.05
2003-05-01,2003-05-31 23:59:59.999,NA,250.00,93.96,1.26,1268.0,0.70,94.06
2003-06-01,2003-06-30 23:59:59.999,NA,251.76,94.06,1.22,1281.0,0.71,94.07
2003-07-01,2003-07-31 23:59:59.999,NA,250.72,94.17,1.01,1288.8,0.72,94.45
2003-08-01,2003-08-31 23:59:59.999,NA,251.49,94.53,1.03,1294.3,0.73,94.35
2003-09-01,2003-09-30 23:59:59.999,NA,261.29,94.83,1.01,1297.7,0.71,94.91
2003-10-01,2003-10-31 23:59:59.999,NA,274.04,94.73,1.01,1297.1,0.70,94.92
2003-11-01,2003-11-30 23:59:59.999,NA,278.67,94.47,1.00,1297.6,0.69,95.70
2003-12-01,2003-12-31 23:59:59.999,NA,283.38,94.37,0.98,1306.5,0.67,95.61
2004-01-01,2004-01-31 23:59:59.999,NA,291.55,94.83,1.00,1305.0,0.68,95.84
2004-02-01,2004-02-29 23:59:59.999,NA,295.41,95.34,1.01,1321.1,0.68,96.37
2004-03-01,2004-03-31 23:59:59.999,NA,304.55,95.96,1.00,1329.6,0.68,95.85
2004-04-01,2004-04-30 23:59:59.999,NA,305.49,96.27,1.01,1331.0,0.69,96.29
2004-05-01,2004-05-31 23:59:59.999,NA,301.39,96.83,1.00,1331.5,0.68,97.00
2004-06-01,2004-06-30 23:59:59.999,NA,295.70,97.14,1.03,1343.2,0.68,96.08
2004-07-01,2004-07-31 23:59:59.999,NA,293.95,96.98,1.27,1341.0,0.69,96.76
2004-08-01,2004-08-31 23:59:59.999,NA,291.86,97.03,1.43,1353.2,0.68,96.99
2004-09-01,2004-09-30 23:59:59.999,NA,296.90,97.24,1.62,1362.6,0.68,96.93
2004-10-01,2004-10-31 23:59:59.999,NA,290.33,97.75,1.75,1360.6,0.67,97.85
2004-11-01,2004-11-30 23:59:59.999,NA,298.19,97.80,1.93,1374.9,0.65,98.07
2004-12-01,2004-12-31 23:59:59.999,NA,296.14,97.44,2.16,1376.4,0.64,98.74
2005-01-01,2005-01-31 23:59:59.999,NA,291.19,97.65,2.29,1366.0,0.66,99.20
2005-02-01,2005-02-28 23:59:59.999,NA,290.08,98.21,2.50,1371.9,0.65,99.88
2005-03-01,2005-03-31 23:59:59.999,NA,298.14,98.98,2.63,1372.0,0.66,99.85
2005-04-01,2005-04-30 23:59:59.999,NA,299.25,99.65,2.78,1356.6,0.66,99.90
2005-05-01,2005-05-31 23:59:59.999,NA,297.73,99.54,3.00,1364.4,0.68,100.12
2005-06-01,2005-06-30 23:59:59.999,NA,298.23,99.59,3.04,1379.7,0.69,100.41
2005-07-01,2005-07-31 23:59:59.999,NA,292.83,100.06,3.25,1367.2,0.69,100.31
2005-08-01,2005-08-31 23:59:59.999,NA,290.61,100.57,3.49,1376.6,0.69,100.47
2005-09-01,2005-09-30 23:59:59.999,NA,294.01,101.80,3.64,1378.2,0.69,98.49
2005-10-01,2005-10-31 23:59:59.999,NA,298.32,102.00,3.76,1375.2,0.69,99.51
2005-11-01,2005-11-30 23:59:59.999,NA,297.50,101.18,4.00,1376.3,0.70,100.60
2005-12-01,2005-12-31 23:59:59.999,NA,301.06,100.77,4.16,1374.9,0.70,101.20
2006-01-01,2006-01-31 23:59:59.999,NA,308.31,101.54,4.29,1380.0,0.69,101.22
2006-02-01,2006-02-28 23:59:59.999,NA,311.58,101.75,4.49,1379.2,0.70,101.29
2006-03-01,2006-03-31 23:59:59.999,NA,310.87,102.31,4.59,1382.9,0.69,101.52
2006-04-01,2006-04-30 23:59:59.999,NA,319.35,103.18,4.77,1379.6,0.68,101.92
2006-05-01,2006-05-31 23:59:59.999,NA,330.79,103.69,4.93,1385.4,0.67,101.81
2006-06-01,2006-06-30 23:59:59.999,NA,332.25,103.90,5.00,1373.4,0.68,102.27
2006-07-01,2006-07-31 23:59:59.999,NA,337.88,104.20,5.25,1370.4,0.67,102.54
2006-08-01,2006-08-31 23:59:59.999,NA,341.11,104.41,5.25,1370.2,0.67,102.81
2006-09-01,2006-09-30 23:59:59.999,NA,341.92,103.90,5.25,1362.6,0.68,102.71
2006-10-01,2006-10-31 23:59:59.999,NA,347.18,103.33,5.25,1369.3,0.68,102.68
2006-11-01,2006-11-30 23:59:59.999,NA,354.92,103.18,5.25,1370.9,0.66,102.50
2006-12-01,2006-12-31 23:59:59.999,NA,359.35,103.33,5.24,1366.3,0.66,103.57
2007-01-01,2007-01-31 23:59:59.999,NA,358.84,103.65,5.25,1373.2,0.67,103.20
2007-02-01,2007-02-28 23:59:59.999,NA,366.47,104.20,5.26,1363.9,0.66,104.37
2007-03-01,2007-03-31 23:59:59.999,NA,381.36,105.15,5.26,1366.4,0.66,104.48
2007-04-01,2007-04-30 23:59:59.999,NA,388.90,105.83,5.25,1377.5,0.66,105.21
2007-05-01,2007-05-31 23:59:59.999,NA,396.79,106.48,5.25,1379.2,0.66,105.24
2007-06-01,2007-06-30 23:59:59.999,NA,405.08,106.69,5.25,1364.9,0.66,105.08
2007-07-01,2007-07-31 23:59:59.999,NA,410.71,106.66,5.26,1370.7,0.65,105.33
2007-08-01,2007-08-31 23:59:59.999,NA,405.97,106.46,5.02,1373.0,0.65,105.29
2007-09-01,2007-09-30 23:59:59.999,NA,410.96,106.76,4.94,1373.4,0.64,105.71
2007-10-01,2007-10-31 23:59:59.999,NA,414.11,106.99,4.76,1378.8,0.64,104.97
2007-11-01,2007-11-30 23:59:59.999,NA,412.79,107.62,4.49,1371.2,0.63,105.37
2007-12-01,2007-12-31 23:59:59.999,NA,413.88,107.55,4.24,1373.6,0.63,105.47
2008-01-01,2008-01-31 23:59:59.999,NA,419.30,108.08,3.94,1380.1,0.63,105.10
2008-02-01,2008-02-29 23:59:59.999,NA,444.52,108.40,2.98,1381.0,0.62,104.88
2008-03-01,2008-03-31 23:59:59.999,NA,459.65,109.34,2.61,1386.7,0.61,104.57
2008-04-01,2008-04-30 23:59:59.999,NA,462.04,110.00,2.28,1389.9,0.62,103.71
2008-05-01,2008-05-31 23:59:59.999,NA,466.88,110.93,1.98,1389.6,0.62,103.23
2008-06-01,2008-06-30 23:59:59.999,NA,465.23,112.05,2.00,1399.0,0.61,102.87
2008-07-01,2008-07-31 23:59:59.999,NA,466.20,112.63,2.01,1419.9,0.62,102.82
2008-08-01,2008-08-31 23:59:59.999,NA,445.84,112.18,2.00,1402.4,0.64,101.61
2008-09-01,2008-09-30 23:59:59.999,NA,424.96,112.03,1.81,1461.0,0.64,97.59
2008-10-01,2008-10-31 23:59:59.999,NA,370.28,110.90,0.97,1472.8,0.67,98.55
2008-11-01,2008-11-30 23:59:59.999,NA,330.69,108.77,0.39,1512.0,0.67,97.55
2008-12-01,2008-12-31 23:59:59.999,NA,307.37,107.65,0.16,1602.7,0.65,95.56
2009-01-01,2009-01-31 23:59:59.999,NA,322.44,108.12,0.15,1587.1,0.66,93.56
2009-02-01,2009-02-28 23:59:59.999,NA,316.20,108.65,0.22,1568.9,0.68,92.86
2009-03-01,2009-03-31 23:59:59.999,NA,311.72,108.92,0.18,1577.4,0.67,91.50
2009-04-01,2009-04-30 23:59:59.999,NA,332.38,109.19,0.15,1609.8,0.67,90.77
2009-05-01,2009-05-31 23:59:59.999,NA,351.82,109.51,0.18,1610.5,0.65,89.96
2009-06-01,2009-06-30 23:59:59.999,NA,365.93,110.45,0.21,1651.7,0.64,89.76
2009-07-01,2009-07-31 23:59:59.999,NA,363.95,110.27,0.16,1661.5,0.64,91.00
2009-08-01,2009-08-31 23:59:59.999,NA,381.05,110.52,0.16,1655.3,0.64,92.13
2009-09-01,2009-09-30 23:59:59.999,NA,378.72,110.59,0.15,1665.8,0.63,92.80
2009-10-01,2009-10-31 23:59:59.999,NA,381.73,110.69,0.12,1679.8,0.63,93.05
2009-11-01,2009-11-30 23:59:59.999,NA,403.44,110.77,0.12,1679.9,0.62,93.53
2009-12-01,2009-12-31 23:59:59.999,NA,416.75,110.58,0.12,1693.6,0.64,94.04
2010-01-01,2010-01-31 23:59:59.999,NA,428.32,110.96,0.11,1681.0,0.64,94.98
2010-02-01,2010-02-28 23:59:59.999,NA,417.21,110.98,0.13,1703.2,0.65,94.96
2010-03-01,2010-03-31 23:59:59.999,NA,433.50,111.44,0.16,1712.0,0.66,95.53
2010-04-01,2010-04-30 23:59:59.999,NA,441.48,111.63,0.20,1700.2,0.66,96.03
2010-05-01,2010-05-31 23:59:59.999,NA,431.94,111.72,0.20,1707.1,0.68,97.12
2010-06-01,2010-06-30 23:59:59.999,NA,420.89,111.61,0.18,1727.4,0.68,97.19
2010-07-01,2010-07-31 23:59:59.999,NA,425.04,111.63,0.18,1731.0,0.66,97.87
2010-08-01,2010-08-31 23:59:59.999,NA,449.12,111.79,0.19,1751.5,0.66,98.05
2010-09-01,2010-09-30 23:59:59.999,NA,473.29,111.85,0.19,1774.5,0.64,97.83
2010-10-01,2010-10-31 23:59:59.999,NA,489.05,111.99,0.19,1783.9,0.64,98.03
2010-11-01,2010-11-30 23:59:59.999,NA,491.22,112.04,0.19,1820.7,0.66,98.57
2010-12-01,2010-12-31 23:59:59.999,NA,507.25,112.23,0.18,1830.9,0.65,99.60
2011-01-01,2011-01-31 23:59:59.999,NA,537.29,112.77,0.17,1853.2,0.64,99.88
2011-02-01,2011-02-28 23:59:59.999,NA,560.97,113.32,0.16,1873.7,0.64,97.65
2011-03-01,2011-03-31 23:59:59.999,NA,565.24,114.43,0.14,1890.0,0.63,98.25
2011-04-01,2011-04-30 23:59:59.999,NA,575.71,115.16,0.10,1901.0,0.62,97.51
2011-05-01,2011-05-31 23:59:59.999,NA,559.12,115.71,0.09,1935.3,0.62,97.61
2011-06-01,2011-06-30 23:59:59.999,NA,557.29,115.58,0.09,NA,0.62,97.70
2011-07-01,2011-07-31 23:59:59.999,NA,553.24,115.68,0.07,NA,0.63,98.54
2011-08-01,2011-08-31 23:59:59.999,NA,543.61,116.00,0.10,NA,0.62,98.72
2011-09-01,2011-09-30 23:59:59.999,NA,527.83,116.18,0.08,NA,0.64,98.88
2011-10-01,2011-10-31 23:59:59.999,NA,506.85,115.94,0.07,NA,0.63,99.42
2011-11-01,2011-11-30 23:59:59.999,NA,496.15,115.84,0.08,NA,0.64,99.55
2011-12-01,2011-12-31 23:59:59.999,NA,480.93,115.56,0.07,NA,0.65,NA
